annual_consumption_kwh,price_y_per_kwh,roof_area_m2,shading_factor,capex_y_per_kw,self_use_ratio,pv_kw,payback_period
2333170.343240092,0.9863737376404759,17200.23881424537,0.95,3017.9754133820725,0.8447408062937294,2537.9681472242232,3.2452439776727844
720354.2292650918,1.1541479411729605,1463.5816708626714,0.7,7051.971445959201,0.842757031055493,16.63383785214604,12.83222195426906
2064994.4120652413,1.429905126066335,19356.692702197357,0.85,4537.528383191779,0.4731563834047857,3079.5506157311424,6.3337124157850715
2505166.414115843,1.5169083183703629,7872.071904797454,0.95,4085.8045716163424,0.4408391143460514,818.3515879346575,4.217180523979403
462401.14447658946,0.5160686066271615,13434.378643451339,0.85,5608.798585646538,0.7625669080003841,686.2530336315596,20.181609301910505
740121.4833027552,0.4345389754491457,5771.401062035531,0.85,4114.76566771676,0.712070899021831,130.96195555781614,22.491058041770405
1412537.8292415927,0.5838440795987226,10120.686547046598,0.7,6329.762062927548,0.5976637969627137,1232.5036816791628,24.86417814169599
834316.3863055827,1.7553057471541997,15619.267898522734,0.95,6442.896040374476,0.5269570151993533,421.5486314791582,6.879374138337077
2287632.6130138696,1.3932212861288584,8755.442187547054,0.95,5712.538829020046,0.40488880874092786,889.3693234338974,13.59915122524262
2779104.3492115517,1.1925386525655728,7068.022129789774,0.85,5750.035203147792,0.9730634886069395,799.9994163791032,4.880235818342018
837578.206121086,0.8307750461467007,10509.313568936448,0.7,2618.8664393418176,0.9325045016958484,1738.8680755563196,6.493945539905865
367835.79056989483,1.6782171754495314,4758.23701971864,0.85,2705.7690589689887,0.5910994845105851,332.58942133539847,3.000814801131126
535593.0618669535,0.415120398118877,8814.921788060152,0.7,7404.224964402027,0.9290151190710412,203.69026079187302,25.230363398799398
824258.5219724508,1.7083790682739801,4971.217385112558,0.7,3175.168628263173,0.4496348058059211,731.608605800939,5.3076674196352345
474497.6325261898,0.3702076171768922,4747.1893939773345,0.95,6227.122704870716,0.6791144555534114,155.57419813274942,16.724368891227154
937798.6407537722,1.0584468657597235,13324.711412718932,0.95,7755.927913758334,0.9511254790528176,1763.1497433040986,14.697142548983471
2802418.503720623,1.5163233276388075,9454.155710794772,0.85,2598.1023118734324,0.8891285996737787,846.8532223530104,1.468662555547733
1973196.5254609238,1.6078614160408713,9187.158265110735,0.7,3863.1175962324696,0.8349092821582402,613.9866950075418,4.535092567795034
2766862.893837978,0.5900209979661534,5837.457630291124,0.85,3135.1953501594526,0.38600701595676906,674.682617719104,12.342529088727938
2560838.2991255075,0.4130388399185483,3793.6685100111767,0.95,3802.0967910741783,0.7213012236328022,41.122429609435144,13.62105874759913
342383.76766063273,1.5731836798167418,18072.532249766817,0.95,6911.142341504765,0.7676141293971059,1408.3609247276613,15.62047879050602
836066.7866274959,0.5526641958832375,9661.970025670167,0.7,4792.891527271868,0.5888826765748332,2033.9524140981598,17.120441420567367
1018665.5547638319,1.1263804452535047,17001.497677717765,0.85,6924.155053708926,0.7613964590239535,2415.0191102573563,16.56822048648238
2190861.103400709,0.4725151672941043,18731.608489472397,0.85,3255.7436152079117,0.8705747144553129,484.0486133784914,10.868911097317696
1716604.3038437036,1.1800242453490821,9426.506029028302,0.7,6701.578645036234,0.669899590124029,548.0377957615569,16.314413110150042
2030132.6692603482,0.8337747495759453,17987.65763775841,0.85,6693.926808888587,0.5867248115518351,3541.228825367233,14.710134726639275
2811612.9611734636,1.481437166168619,9691.517369665899,0.95,7926.473497083771,0.9682765290024967,17.621409110646084,5.35987600405517
2484928.5580291473,0.7782705867489303,9279.252019611313,0.85,4932.727698873412,0.9469872320851103,258.30553061693024,8.355196353155494
316800.1446031916,1.6506984284001067,774.1901634484946,0.95,3286.6203134164925,0.4788327476883836,75.1975116409949,4.750375787215659
2555756.086623065,0.4329863132222276,16059.08430210519,0.95,7602.874865947542,0.8037785095861142,1416.6843065466387,24.30021157888829
507878.3277012181,1.4152005833059844,4022.2215192043013,0.95,6404.475835047171,0.7475033438850952,97.36790083359666,5.275660410776276
2941080.179684868,1.0149129315648104,15724.802777159877,0.95,6000.245881592773,0.4443346655322823,542.296214622047,8.883931631404792
1241901.4526852595,1.0375446577497964,2560.5070187153433,0.7,4029.4155017969156,0.6281370888928774,151.19228727051328,8.946727751521554
1284280.130262738,1.037492378880747,4666.738790443377,0.95,5648.518632171636,0.8063014177217414,719.0157411652185,6.679905840634296
1562580.7715899367,1.4182232482992196,17750.777157129414,0.95,5269.981088507046,0.8699157669964938,137.5937616186935,5.445181887654141
1035683.6194795602,0.600841945527811,6415.088722079387,0.7,6584.809116987972,0.8876627259384462,1328.9244957300573,21.991588516167397
2327709.4294960275,0.800894189385111,13815.767973488631,0.95,4633.129323400073,0.35697296923418953,1126.0781279757778,7.568602704811474
2971448.909762504,0.5553140384247233,9075.263142436152,0.7,4659.14993713056,0.8409646123165839,315.523988291608,10.62005876969335
1496082.75008468,1.200345500871454,9967.141521843198,0.95,3840.1709973064244,0.7644326553109984,436.83889403322036,4.334479757791505
1473588.9003325172,1.4645100047160997,17069.907234247148,0.95,5276.353155969239,0.7316305613490374,3210.554276977987,8.442489521788248
573644.4181890541,0.8413406716339272,3993.739591321457,0.95,7601.0325217721465,0.5498977970735109,576.3730688113676,12.059532839301847
2296226.061392823,1.659825414347877,14469.779745023361,0.95,7797.661729521587,0.9134209348702522,2970.389036702316,6.054649676488481
2214572.8174418528,1.4374761300061394,7060.558653998366,0.95,2725.2082815714584,0.6683048321809888,729.3325475210212,2.167159920280759
2777869.9182986715,1.5427454813952761,932.0203985832496,0.95,4549.862877187038,0.4210334892244627,12.746499402046515,4.503174633200929
1884598.431456975,1.5942816917059939,289.1024738052506,0.7,6225.080696504185,0.6108811124097021,22.864403325872647,7.873598545359531
1220973.1998561106,0.7484963235948472,17753.83973100301,0.85,3531.765250667202,0.5722525100546793,1709.1233350613336,8.750487171711368
1207488.8241192922,1.6771832024140547,10038.948603380919,0.85,4509.581547595234,0.481286374497708,1320.756258155879,4.9562469952683035
889395.5815798845,1.6506453582208431,4854.922914237058,0.95,4289.385017841723,0.694202335935297,127.55243821179005,4.618506603905647
1706393.7135224347,1.4983629164549925,15719.717365639128,0.85,5119.415197226991,0.7884883600363657,1536.0987913804147,4.572454060810362
1562559.5896853283,0.9778101146582625,909.6864780796309,0.85,7778.759872810712,0.3767014106481505,21.453989658663463,24.99145681881797
228558.92993828157,1.3623751021343744,4299.006722191277,0.7,4667.6917744795355,0.35107945998862033,373.84735219179646,11.89812656778733
2531550.9333341215,0.7275053879521126,6585.310731161051,0.95,3833.65569165583,0.7941179324782284,127.44340283619273,6.225898794284391
457705.8463336657,1.6822936306194904,383.3436800582436,0.7,2672.059320959045,0.7530970363083926,61.117298023262315,3.707474552622498
2330165.2949990877,1.5904627355963497,5234.416978332315,0.95,7553.365244964745,0.742225895316659,194.37686776448908,5.11313425304731
987025.121372507,0.4632571699665276,790.7284479740101,0.7,2604.687812996176,0.8213691585530647,30.67640983568687,8.210720865300177
560184.6125041302,1.0855744172939628,19837.134623388472,0.85,2522.041826033367,0.9955049782548292,1414.3972491349648,4.490864535441911
1803974.44622805,0.7773950301440065,13339.696723874968,0.7,2599.8829915290025,0.5003323507964539,2019.5208980702812,7.669222797258918
2287345.5996950245,1.7759547601897596,8501.593280435942,0.7,5330.206785370419,0.8674185616017459,334.00738344879414,4.435741300534263
576403.1973744011,0.639335889704261,17207.860639042734,0.7,3666.8107413781577,0.8267716879658393,2341.1936812615986,12.160461018584364
2716721.2080902182,1.6050801820154912,16002.329229202995,0.7,3049.243624384012,0.8333402373199738,1201.253353045717,2.7710858556329763
1763918.6525567495,0.9432529675559559,12115.140166180627,0.85,5072.021411446281,0.5951838888739525,678.1471379486887,8.617506234995684
2272838.460850761,1.6275022752809116,5706.64446605546,0.7,3611.484559050129,0.689307995888233,557.6665933558444,2.7143854358545094
794687.0571212824,0.777422226883087,15343.11034162324,0.95,7459.030194615411,0.988538344017946,2189.590469243412,24.8750444915806
1649974.9867915045,0.5897014188825722,5214.458393123908,0.7,3381.716137402419,0.7297481090397918,200.06027572717682,8.17007409744212
405933.24545887485,1.6493770195142643,2187.8337838662237,0.85,7155.631948373763,0.6188191553514804,298.03874341110105,6.048344720229013
772149.679572929,0.58381839113529,18812.37641398879,0.95,7383.93855733069,0.6864799888370239,3395.3050265056354,25.174796130332076
2861956.2984703076,0.5871864726796595,11177.447730390684,0.7,3892.5153336963085,0.4273196519811373,407.66821685845883,15.183481688347095
2464008.2126763957,1.4253412174606974,9481.434080876259,0.95,3340.824171694848,0.5719015937981229,442.1707201544077,3.0201091146503036
1342069.3286150992,1.2765697914330387,245.71369721749164,0.85,4044.930122802853,0.647870326998734,32.90346503861096,4.053685159573243
1996856.3383313725,1.2195582672381862,9561.122660628163,0.7,7725.336020434404,0.46520307581202713,1820.147574580321,12.26751898717255
1996987.3704633962,0.7885964076499958,18961.204873386647,0.7,6561.8089197764575,0.7151823045409496,1448.49370382563,14.609139874338597
421130.70402124146,0.48299933463555966,13416.300478305808,0.85,6105.3475608867875,0.36284818947274955,448.12858845770495,24.958922424168065
459030.7638885876,0.7611051115688824,13559.783637515702,0.7,3613.8732435830225,0.805904215808231,1193.3097669023075,9.995015272259858
118521.36792293751,0.9300890968953953,17527.13074378573,0.7,5856.250944382852,0.9583593746332218,849.8296941619227,24.919350613464548
2775429.7735205935,1.5728181843548699,19568.447729138315,0.95,6705.669757090998,0.6623949601124992,1334.6977510899783,7.470147272452664
2457365.249420852,1.5978263829768453,3520.450489620063,0.7,2541.288680399999,0.8683820431924891,94.7198917529301,2.4514245804656283
1297260.9810130408,1.2485193626562991,18671.435491782413,0.95,2883.0235012526705,0.863979683032396,1090.9504111193899,1.958690622591532
1527260.1397868209,1.344936227641968,13123.197350411254,0.7,7956.231030404302,0.6856986117131666,116.29086026484565,13.282640327501559
1092346.2004519799,1.4918226182156782,16675.977490583326,0.7,4791.662989219341,0.8367335067835857,367.01838662093957,4.062314365001065
249179.5165528743,0.42657029703016003,210.2711344809693,0.7,4899.7416283184475,0.3726449276819452,16.722833139263425,19.33431991317961
323630.42840225954,0.9219982010111939,14808.391610906183,0.85,6637.80902938454,0.8376728921663514,196.15663834684128,8.29442336724021
567272.2087890696,1.5435060530700047,8090.431144789405,0.95,7947.1365154826535,0.7748008867008682,493.9821516761196,5.016153479112448
902796.5658326655,1.415351439631841,11415.128886030963,0.7,7057.008086613322,0.3672755472482396,1525.289834505865,16.863413355621198
1186839.9685284537,0.7425103041679052,10533.985721231218,0.85,4231.122902104095,0.7898240486312644,2467.6736792298275,12.849399654547522
1454470.6822020488,1.70653581857185,1377.8365052301324,0.85,5721.7422883509735,0.7916925559858226,222.5515962435718,5.49399974419853
1114238.125228848,0.43014209377678003,7275.918545340672,0.95,3956.439475268688,0.48350369348706435,122.62050513324886,18.88676465942259
2275100.969066783,1.538722844445135,10615.998432343215,0.95,2742.963066192887,0.5605588348094634,772.2414261614877,1.7756502395702347
1173160.4655905778,0.9264112856047398,11778.103515537745,0.7,3204.2893580128284,0.4755854095893348,1323.1991464546486,8.748049586754224
2801699.8779880987,0.917663370319462,6719.396700035837,0.95,5623.63826735671,0.7781897163808555,877.6699281200903,10.601156799172628
682889.9690524237,1.1658749953335432,15159.68294097386,0.85,3915.8229928995424,0.9528781587562822,2381.504904700133,8.355511703091826
163698.89800413535,1.336607268221387,11340.826673872276,0.95,6589.029786723119,0.6726713635855504,1108.5494135183349,25.025455981771422
523735.5221255101,1.4736164599029258,10032.491481156376,0.95,5450.683580637379,0.9763269429443999,2119.640603890536,19.245808572209373
1714958.4070595768,1.7741092296608745,12222.786323782628,0.7,4534.914023159588,0.4269594040661347,1073.0657974000267,6.233799675848
2085873.9702564562,0.586917965216709,13432.948667744044,0.85,4572.0370433118205,0.3760617564173043,186.00836017495422,25.131481540612228
1244732.481412661,1.523005923634786,19493.459037555163,0.95,6084.182073642467,0.7622523820783733,162.82355261766372,3.5714972218677534
940206.356755946,1.6593342724388984,1093.271965043715,0.95,7647.307561060943,0.42637784846419097,89.88448680877862,7.666256341426197
236195.6535764195,1.7546908659743186,6350.952864605439,0.7,4073.260160122174,0.41128593476720454,223.48894833712458,5.072703400060091
1659743.297539091,1.1380686128657982,17998.64721114617,0.95,7844.921002556912,0.6639099531566595,2563.880519663884,15.408357155830283
2795519.2412066306,1.237720462461231,896.484447251511,0.95,3632.0088615715417,0.49215774699856263,9.896453485211362,8.297491669807062
1727280.6583760194,1.6730507546286808,10836.933897147932,0.95,5942.942561844944,0.8703793534380025,834.0638527950952,5.29056615733992
1166013.9760015751,1.4676211598147866,10901.43850498095,0.85,4264.0376542439835,0.7873547065451807,172.88500951740477,2.835690275882343
1582671.3144235974,1.0868797264284549,8846.016288909022,0.95,7971.481910562846,0.6606652774808901,1358.4340439450195,10.725377542351202
2695428.34619256,1.0395637011877557,1394.5502077695903,0.7,6065.010513169239,0.6283104112807676,235.30806183967616,10.825679700817753
1303991.2141666869,1.5275782937212359,10214.093831906277,0.7,6551.152012136532,0.4900718421782553,614.0696928810955,8.897011437602435
2870337.645591756,0.5739134776321065,4113.806248641862,0.85,5411.652447144581,0.8443549147744135,249.9936086518437,19.0021848797995
1673207.09112936,1.37229088496008,1584.646303241852,0.95,5146.177059697324,0.8361935838190905,117.96412252291546,4.877903408809186
760734.9934222209,1.4400820283846332,6414.166087810602,0.95,3219.8968196777228,0.5469270087442463,1495.2516746938477,3.7059412075744893
1859873.6299530047,1.6401802264828098,18190.443281801712,0.95,6852.983182941923,0.40275010027553454,2818.2689656293883,8.853462984098835
714274.1150113591,1.499857219491464,16987.16997102836,0.7,7301.016090128963,0.5543261627094381,1360.743826944035,13.696948857920356
625797.3129650343,0.4340207495802884,18996.011755583295,0.7,4715.837846791963,0.7928641572482993,2090.4272274840164,24.827975187674884
744006.3458261527,0.7505006770120208,19297.473945556194,0.85,4864.763774450263,0.5144725874542944,2795.8520056732877,24.66787189434355
164000.7139893096,0.6515972068772679,10474.509921244267,0.95,6954.674050446789,0.6069025249432813,1365.7493765017396,24.973924344985807
2086685.7658207293,1.7753313987270651,8354.50011795928,0.85,7578.408322491968,0.8243799100968633,368.4703427230767,6.836273198430605
2727434.429601923,1.5139448776681301,5467.411277908972,0.85,4007.7391652873457,0.43777476243655344,227.02916439862952,6.927725491467171
2359570.5588065856,0.6558548633086337,18364.432667469617,0.85,7166.094147335945,0.3828483926225375,4164.001853583449,24.735216952704572
1351607.1080176465,1.6211833011899692,10643.661075436668,0.7,6596.2401029921475,0.8370793601043538,843.6053174105089,6.435827054272522
2743803.563524263,0.7077513275452334,14783.159710497383,0.95,5376.997746036232,0.8669009680787612,1944.5403554070294,9.17930945233397
326733.0808227885,0.9479436257309758,17535.673081639277,0.7,4062.282207895835,0.5988090558071661,2808.905224947159,23.627540057321713
122129.9806019439,0.6692289421708346,14295.972649653859,0.95,5225.827930106287,0.5763793242499465,999.6113407280299,22.758443300690963
2250900.537930127,1.6342724977446261,4475.310850539066,0.85,5422.110151502327,0.5097048329467376,556.2402962572646,6.140532780778643
1376120.1113143866,1.27863685755028,4190.392512769187,0.95,6964.638041705958,0.7260960429281409,238.17319402396015,8.300660899115046
404326.3587990838,0.4533915745680258,19798.496770256494,0.7,2907.317258529905,0.8877154871339786,3685.4441173206646,17.13744853923307
1070888.2775689673,1.0280960560528083,3560.339280951501,0.85,3933.8707973476958,0.5101289571590975,282.23642732622824,8.926141180576533
2082259.284736268,1.6692051029631894,6041.380332505429,0.7,5628.585929613755,0.7102856307221781,584.2965221727642,5.0733857687854735
1368174.5851217501,0.9431009414663082,1916.887376135343,0.7,4925.294474889202,0.5040903500400311,348.0242050420054,12.441523815207079
1609539.7374194583,1.2228955971149178,14802.79971849497,0.95,2895.1768451742887,0.6630345329839282,880.4336141428013,3.177866060927338
51675.98131388613,0.9763212084506988,15431.003109704785,0.85,2676.819982915676,0.4502840315187594,2018.7562807267575,19.077470650508868
2722085.9660970676,1.0753039915043607,15170.644324714487,0.7,7173.516052706749,0.49556468263607284,1704.1880969331517,11.966479097287928
2586913.1039197375,1.7027535147575827,4236.440421124969,0.85,7080.603800638318,0.6358758776123034,574.8728326892708,8.16606007322477
1541233.3171033475,1.273171905878644,8284.795848133177,0.85,6620.457865235431,0.5649400480151292,878.9231360189938,10.712617608863258
983266.2991433097,0.6066520461259446,13186.282647460244,0.7,2857.20728565469,0.7281227436731648,206.41813917531425,8.09579534110599
2684504.8300220952,0.36597416770713126,3736.362678802931,0.95,7471.473038375134,0.44752572586133654,242.93258512466272,25.271337181312415
1111015.5663165024,0.6754030443782952,1110.0723369347734,0.95,6412.751412403582,0.6354660335838576,132.18522061629102,12.36273022670421
774419.8144878822,0.4117001355878259,4627.088353345729,0.85,5001.919209529513,0.464833537862655,1183.7193218936059,25.004855515109053
2300906.9254914066,1.7567922802262732,18136.863932592012,0.95,5526.779281337016,0.9023629785732735,288.68018793510447,4.2346876467827155
2554486.346743319,1.035079582468508,10294.641247929578,0.7,4217.17850107143,0.8265309084637045,431.1653001740322,5.276903727521815
1165691.5428785593,1.5849971649911523,4985.652040026393,0.85,7596.687684447051,0.8004022838808057,540.5130694470004,7.201357452405275
891111.0812248068,0.8358179723824454,16944.84813281005,0.85,5360.3955174381845,0.6401531698934111,677.72639561247,12.0076638383017
189748.89485199485,0.7655609591250293,2967.7942913033885,0.95,4778.9457459689875,0.5317636139166446,165.97162482885759,17.178442215404147
1212512.3237969785,1.5249387051465262,7681.185355017914,0.85,5417.426487816934,0.3641904045697775,24.24852443409246,6.905571995388756
2303339.9985006563,0.7629710035423397,15793.600580291692,0.85,7610.394477490885,0.3775249740991581,1242.6900556265791,25.17831761715308
1005508.7250219008,1.0457078289949724,19565.305766602003,0.85,5111.822600616371,0.38361896958315417,1322.735009722472,9.612146157900051
813565.129850329,1.081590597570709,17218.70967782464,0.95,4037.180554636043,0.6034281547671958,580.6515361635367,8.341855909098182
584898.3033592645,1.3284784909885112,5416.8134781484905,0.85,4453.698087666598,0.8158886376063461,393.2391932751165,5.198034624805706
1509070.6607246362,0.5297101789392729,4921.635585571703,0.7,3219.134973569752,0.9589897372851199,712.9830935586724,10.136734838989117
574841.8404736262,1.2390086575415022,479.6697228411146,0.7,7602.176213498218,0.37571413545362464,23.368334077148564,25.008062884448574
1050072.8347784933,0.8254896311195208,1976.6792992767744,0.85,3611.6286508605663,0.9940263476082294,284.41700944729905,4.130367800481293
1331330.2822646224,1.4619695737554368,16166.694830158396,0.95,4196.527923737626,0.411321976715776,2907.337145097649,8.352101777501513
2577738.156153883,0.4919307563115466,5663.292072408101,0.7,2733.5187405545407,0.5223887464731678,303.7495178871003,9.258296594774926
1282342.694770377,0.7231898539299618,10153.050630962125,0.85,3334.909531933572,0.7177636425931588,2341.704577943128,5.852857063220415
1603057.2673732906,0.5964688557338893,16400.901582019695,0.95,3948.9712289629815,0.4248709346542694,1812.2750939698062,14.45568142618253
2005627.1320339164,0.5220821822643251,18753.618327276035,0.85,7421.007199431025,0.560122824837318,1238.828590959207,25.195173752297805
1473009.2136558876,1.687418575891705,1937.6357788767018,0.7,7612.977032483233,0.5545663408524861,205.83539664018534,9.257136927148665
164316.42800886693,1.297909185236535,6912.513979950555,0.95,6105.026659960007,0.9674033969453112,352.07679722609345,9.0023054324856
1138191.2231755385,0.7190965062095591,7841.241570971654,0.95,3940.430060106045,0.6022999924757423,739.7460405235605,6.538809735458579
2391334.2415564596,0.43514208839271706,8696.157655091285,0.95,6340.751243277235,0.6479445892549831,1816.3945258298522,22.518167531096335
1856696.0212968856,1.4441269283874654,16880.609028762814,0.85,2700.3660762558584,0.4905750513684084,518.5861842900972,3.7051231305557946
2669684.8367712754,1.4581050068911696,4155.939627031025,0.7,4107.713488864954,0.8103199163934263,3.545215846131722,4.259658772224928
2849177.58358992,1.4469294192046003,9538.475774362698,0.95,4898.750324570079,0.6891142392207961,482.0682294002761,6.228459833906526
898045.4047178478,0.603078840858843,15328.705857741552,0.85,5229.5880855607975,0.3711850881105594,492.88939415112276,21.390404708909728
1519094.9578398124,1.1916355309441249,7659.358508529224,0.95,3262.1930329335455,0.7983452014886565,730.9581484730185,4.025230938695589
2185048.6060659215,0.44627750461274807,17278.446448084844,0.7,7095.416089611004,0.3654417291971712,1755.2371939487573,25.00200637190738
2967821.221524712,0.5676878572864228,16647.93798716944,0.7,5127.06823265134,0.7823890776426788,972.9353463193833,17.42692674370947
790016.0303826103,0.8793185079828998,3168.841263094401,0.95,7296.573661019656,0.43696117663600603,348.29516953608214,25.41511538380484
182396.95130501597,1.4347028906658443,1622.870883651009,0.7,6658.414053355308,0.3571075687219314,145.90495687701483,20.492269214812815
2271566.1571805035,1.6441851674528767,16154.299427177568,0.85,3859.968956936945,0.543317773410827,2171.843502235977,4.7245315578533065
748270.8838534799,1.1150727228764992,1534.0112416335235,0.7,3181.1402506885397,0.8474587955601138,152.41215803469217,3.6817363412190995
2169134.1613608073,1.1999556281429093,6584.773707919198,0.7,6335.00514006461,0.7318891573437682,993.7160261384843,13.933723063115474
1736130.8642948205,0.42115736920019586,8204.673835342888,0.7,5718.5524321772955,0.8181404188517314,462.40861759972125,24.946811867912295
2625312.285435036,1.3346247566175902,1990.079953743572,0.85,5757.512227444224,0.8271107638626699,250.9950154060123,5.4661864974982555
1136285.5394326944,0.4230506205184038,3031.546546262425,0.85,4553.609487922711,0.6783497066581866,609.8145174859421,17.899736704195927
1236307.320965484,0.4238689290543823,18481.393267105996,0.95,7360.164548648656,0.7089645282236063,1922.0957585410786,19.912305470165446
207309.0005533549,1.7135095481803622,18753.841952618088,0.95,6032.745764193443,0.6228474886141931,2612.346726184707,24.88388711725269
531459.719917472,1.1668085504620453,7488.246765732986,0.85,5943.876072122581,0.44814553543279395,1143.0420569719502,10.531966717197063
2876373.1085239165,1.1991254541250909,15673.023620167949,0.95,2568.1846765368778,0.6796735775553537,554.8305808526503,2.9680804625503927
917183.3892274845,1.1377983055421377,10085.749088088129,0.85,6040.572559833502,0.5353937055710138,1328.8633041017554,16.152129805845895
1573894.789286886,1.2257197642190087,8042.091975314047,0.85,3049.7352067598217,0.9971109447307546,1413.8821837102819,2.845376943112954
410754.13474831503,1.692964184598552,715.1445903210861,0.95,7099.098630267764,0.47650833754319943,80.69149063194457,8.002184701003506
1975073.3927128916,0.5303950636534596,6048.737735255043,0.7,2988.0397115433902,0.9626280025017628,169.21496205039864,7.069023378391181
736029.1742070377,1.3157758339402656,7154.213963733708,0.7,7376.550569703018,0.6703445700447084,978.5317539490436,8.876066683289368
2880808.9730755095,0.6810875358662927,18650.120957747247,0.7,4823.722961549836,0.5726915318226806,1938.3905221505509,11.439416778243926
1419984.7976357162,0.6534521539793289,16494.130368423328,0.85,3591.106298048404,0.8439902574724991,2861.9738776014146,8.02953041474749
2979641.645017026,0.9592361390607261,16315.530537449493,0.85,4990.785911416098,0.6063768542221866,1022.1873218405983,10.089223717400321
2427160.035984336,1.6479879707719225,1588.2657544748408,0.7,5661.514021820635,0.7492832028065259,277.0120371212724,6.146022949589542
1057066.5578345188,1.510836820397215,17102.283246289102,0.95,5704.7535395191735,0.8304620092523696,3022.254039596675,9.455586781058779
2630810.0039752317,0.5905057430988472,16429.232746796228,0.95,2676.8216730530867,0.9159766926566115,3665.3393659885924,5.835055743843359
552654.9520179434,1.2820654582836934,19445.487985495052,0.95,3873.187084136046,0.9093663109278609,1914.837833660519,7.698305761759935
1260507.0087521726,0.5935100718683524,14868.141586388576,0.95,6815.899000534816,0.6057470980924091,1428.7578723872703,19.8979104074998
1612394.4608304773,1.3747090859041777,11590.840062044343,0.7,7144.247377910653,0.8471278003972336,392.13242446480746,7.80705037489398
2520281.2610010053,0.46713877770982515,17665.138646874468,0.95,6886.344622292485,0.8039785604762459,342.74175031616807,25.177921375317826
1363533.1246981947,1.3292494824804733,16854.177277185565,0.7,3389.8035178574614,0.9268248837888786,510.85913936062855,3.7315545395259933
354802.43024005054,1.2747955581951378,7157.934857710854,0.7,3691.4839101322987,0.7964522177482034,1795.2698910396243,12.624352264536718
1760010.9219646752,1.258810793274383,7195.133078851546,0.85,6737.174607497299,0.6701008960502814,211.31228102861013,9.866932091483939
182644.51537154103,1.6161979077131274,13931.40740225,0.7,2719.705560896946,0.7131382927087864,202.56073570189793,3.1296012105193483
2943234.530329639,1.421658212073798,9411.206936958748,0.95,6968.839871363806,0.49427012571461687,584.694296349183,8.504381372859534
184703.74203828312,1.4910646469275797,8773.364660362315,0.95,4910.310963981654,0.48612773294862877,919.3557033956246,13.397907956125872
996468.8430224605,1.4491525063238622,18802.987847434957,0.85,4874.245946473636,0.6476332903384006,1055.4212846477517,5.9079252336816195
2795597.984556658,0.4025223800156902,12504.876448738494,0.85,5017.543526575425,0.5122063143601683,373.7059763817375,24.78063139227188
1671536.527825094,0.8271585620818412,11058.275173487418,0.95,2633.261447481717,0.4204002787728461,214.91871307172218,4.622277893099322
651838.7823344207,1.2534536801649514,8517.654592995275,0.95,4611.73497412448,0.4469980234861667,1329.795489295385,9.02264097922826
490093.34246472764,1.123411774704997,13535.571551559826,0.95,3352.418479583312,0.9053553141457741,99.35344034865687,3.6231767069027723
2067800.3055051155,1.2028122047654017,7430.6571198171305,0.85,6335.052627926514,0.48496416186104785,356.099327598089,14.627441182168834
2960546.456698645,0.6725992655866729,16334.543665170379,0.7,4059.8063228306564,0.5608636816920433,2157.0590640812998,12.236302408589248
1042324.2097672849,0.5776869711345796,433.8199459442913,0.95,3863.708454134866,0.8682204249769478,20.532906449096078,7.416447236876242
590788.5775151439,1.0302434836095695,13086.082847871889,0.95,7618.268489822973,0.8826931817248225,339.4910759545931,8.012754354442922
245740.77112321413,0.6998755049498189,1402.002255117852,0.95,5518.881739536118,0.7467647576317575,191.23324891111358,9.09288900431592
2938767.5567810433,0.492215749281852,16618.57859582176,0.85,3846.7011095654375,0.40491258219009674,1961.5838010605698,16.682678993847315
2109661.2219172623,0.753978776318504,14237.101476628035,0.85,7714.812264831587,0.5620057173023179,394.87866520715755,17.88716798890636
2586056.888663862,1.2235045951224452,7684.175729305228,0.85,2854.515878501998,0.49956705013727054,353.0871296048917,5.146011587671531
2305936.446468186,0.998706905565974,15040.396555257756,0.7,7864.723781044218,0.7676418271275467,1253.9272395701416,12.316509937543549
497407.9408993615,0.6625775299788166,5544.007010335571,0.95,4930.455905597888,0.9238260658939771,14.423035958327528,6.893803849919889
2456502.65420647,1.3991610634331146,17408.019036266873,0.85,7487.439894830526,0.7471231409708541,1831.2640661259086,6.835165489694277
655516.5588723465,1.0077405587592019,11026.906512762109,0.7,7311.527348507298,0.9026705503383867,250.75449798620153,13.333433227941569
626487.7858113362,1.7410999448570852,15264.6090383599,0.7,6025.201196688729,0.5654583103784305,1686.6515080415484,9.699228018947325
1915716.3923378196,0.5812649540532414,13531.90048655871,0.7,4000.5978717205153,0.566045137773507,1406.838642532565,15.334571593693955
1309047.0839099158,1.6566027040684816,2146.668504292116,0.95,2736.266950566045,0.8446640224379727,385.3911996592918,1.9596212893653153
2489673.6430935985,1.277266931461265,14754.59279638497,0.95,7221.389667902504,0.35053600094254544,126.71986223244821,18.042260360241933
970703.1105934038,1.7742345113366982,19294.466764941917,0.7,3284.142052799126,0.7405231779325949,1715.1844070647649,3.421869733458061
2954525.8725526794,1.3331167535491044,995.5951380437125,0.95,4505.7305970833795,0.6797022154145334,107.25500269177557,6.482734155005357
472731.57579484873,0.7680619233251798,4061.583459367581,0.7,2647.7067730953536,0.8049494105894709,417.9565348736053,6.711465816992564
2754206.8392731333,1.2916192948062242,18579.12523262087,0.7,2519.8893463171753,0.42116676170552986,3425.510657243141,5.217805172403062
88330.37858179893,0.7568534997724866,6745.890971991362,0.85,4008.3504436995663,0.8439521584361587,745.3235012470595,22.853846011118574
380763.332243547,1.1015411999754898,2178.6498176528003,0.85,3229.004728511195,0.5351620487885285,53.442569463225944,4.639559366037278
1069334.1257805517,1.5127649085615853,17612.58349645084,0.95,5099.154309988895,0.7094584541238638,2476.0666619002272,8.65526372337712
283984.8525852723,1.3593687185388688,1621.186442603221,0.95,4362.8259838141275,0.4727062836113825,315.12390900413203,5.115005902825215
2468442.7691477803,1.0510295444541615,10760.500032791082,0.85,4281.048513548787,0.7820161241020425,682.5325926269369,4.635199240042393
1328453.0535552546,0.8614800641945255,14465.091226547805,0.7,5203.611720353494,0.9780929767192722,460.6907941268636,6.60114038029905
232562.15722545053,0.3869772677422869,12072.454210354808,0.85,2893.604750340735,0.9589892510147406,135.43358987750187,8.035757456828405
1131728.3057094119,0.859457040769433,10588.416686982719,0.7,7357.197851197579,0.6885008951734597,1150.511305793444,15.908144288409371
2332856.7958910516,0.9194295849133395,850.7798712760857,0.85,2712.974306759479,0.6720693718246435,67.95039705566987,4.1542002847504005
1809475.7802779833,0.8063148747738431,6740.294138353419,0.95,6317.247572523809,0.43778302304185357,735.1378115613744,21.056844185801044
2750420.9644144145,1.009641579634743,19094.511879860176,0.95,7264.516753787848,0.7119410706410074,716.77278593617,11.375249296594268
2923623.3759927177,0.39109846732852777,14860.81802460691,0.95,7598.1169940781665,0.4216105293189865,3307.8041946610792,22.266287024713193
1571901.743921043,0.7149804305366768,10218.314977440425,0.7,6123.6538166038445,0.68226242562547,1904.7054256710608,14.548596441921084
1059693.7691496671,1.3055558956569673,8171.738027728301,0.95,3348.0498520429733,0.4061337884260378,426.1766228247003,4.439286534041879
1707725.7246234743,0.8267391168246498,6582.307701599276,0.85,5779.316752513631,0.47210805632524266,376.16629942306463,10.822845178014468
2091044.9960174998,1.1609012316163798,219.65078820245253,0.95,2692.9992125754447,0.8584845502773136,1.3571915768441265,2.6424623792775748
2266405.1385843414,1.4998801434723052,12470.349104049554,0.85,4206.9942520832465,0.6354879165022329,2362.862787069172,4.682181719465032
1714673.8071966902,0.9911154083235183,14163.753164078391,0.95,7110.779752127486,0.8049876641844698,6.380783586285587,8.353066856209955
1849572.2999124906,0.5372476809623947,16363.870037001378,0.95,6670.647489050004,0.9052316293517448,1813.9777427524116,12.922256399248479
2060049.5156374634,0.7532073575940333,19189.65209398372,0.7,6389.969568074374,0.9813198555747644,1475.2244521716127,13.3776496458564
373484.90261550987,0.9023635046705195,10218.095488154413,0.7,3097.226013018542,0.8944512403560666,1591.0537390936704,10.923247666080686
1796921.987401253,0.5739447330538097,6210.936501568863,0.85,7388.375217997884,0.9258276518437301,1041.583175011654,12.879668721964004
1681935.9630364727,0.848853893975773,10480.676864908264,0.95,6895.090966419667,0.9517974162703429,2046.7167069391098,10.863469473761706
2589163.4175013653,1.0502163569380532,16776.59067688443,0.95,4187.257459674628,0.4412926029528647,2274.8851408030864,7.1209044142854205
2308930.3671694295,1.498433702103171,8153.635754949144,0.85,7533.261220598045,0.6037902317580239,176.87219557446198,9.798750590842564
2993142.5697409757,1.6107128286902994,17680.380568630837,0.7,7732.039711836396,0.5364431105420989,1175.9969505403367,18.76086261652613
716046.3879101455,1.3012690273387089,6684.739150600354,0.85,7396.4186350546015,0.8014463143361479,827.3135783784959,7.1906744818384425
2021908.533582032,1.1629466190572941,17726.224957350052,0.85,6198.4176471923465,0.47334928918699926,2718.2182908039,12.43977168983606
2423410.7186379437,1.1248487427322353,5676.125870406675,0.7,6987.083454296331,0.38367332516591773,191.1227484670787,16.215136433906434
649291.2467438211,0.8106000701675509,1842.1372127898262,0.95,3371.915160157021,0.9216534561334196,203.50869271325598,4.160082712664025
429336.1019193496,0.9009976720451427,11601.267780392933,0.7,5859.535027562833,0.5748028430445137,1810.2268343085966,24.935866827800574
1305851.9450534056,1.0562159653997774,3852.5373667462973,0.85,3020.0544286486793,0.9689858399077069,626.108882380918,4.2589427339651085
933263.9097087469,0.41870713903551793,690.6019281996166,0.95,7358.398988866324,0.7231360787581838,87.98529822358559,21.0268865015588
2287198.2159657017,1.7887584506042113,15136.349160886663,0.85,7186.985572540978,0.8246727454820303,1450.8753464242272,5.404996482051978
2408095.9964185595,1.7447348469844566,5128.629845296892,0.85,6663.057237061174,0.9394865717360952,1126.6291405703214,5.461769076910599
673021.4740857211,0.6239925571185458,17158.620817851515,0.7,5309.160677116832,0.8160626572958776,1176.4577743055884,18.157256793895584
1420577.6322194573,0.8485331549403381,5380.767329532293,0.95,7603.163460052977,0.9923146759621476,235.19975201454335,7.48587602442225
1910407.2515534447,1.712814529380006,19232.95823161792,0.95,6243.7607661597285,0.8650763152178661,3880.2369754457777,8.070471975563692
717257.2249160832,1.1109762220333455,18571.59286416717,0.95,3203.35311393774,0.8037940167480568,1742.532628137917,5.50345531645421
1275080.170529435,0.7465615385496756,508.49786084199474,0.7,3636.464043288128,0.46583445671230256,64.15866507038795,7.706222587846757
1714011.8658292128,0.4393128383255621,8731.520968734885,0.95,4852.975951496179,0.7957897909554854,981.3553902245272,17.994795639397243
1017134.0146176529,1.706629840381125,12562.372453321095,0.85,5117.518390616406,0.618932511240677,817.2576239698396,6.985101834709999
1946039.678306177,1.2963106712548929,12240.952541864897,0.95,5295.89289482465,0.8085420653024755,1215.854877722085,5.467426965511946
2422661.0043362277,0.9844277173186817,14183.633411328288,0.7,2947.9336468244983,0.36834269591526336,1511.9648539417626,9.40586859886208
1143353.371441617,0.6453495561662608,2408.122610634815,0.7,7994.720096280543,0.3512543101176706,262.67897764934406,24.974315088386152
2961331.9974871236,1.5816177499772368,18592.81433910191,0.95,3901.2483325364515,0.781154931592255,544.9669049320047,3.321529884043186
472882.70711813855,1.5249224447564642,14156.494665847953,0.95,4559.023084951639,0.8783884760022446,1104.4481683824797,5.8095354380481545
949488.4685905026,1.1021175060271942,10988.030667051322,0.85,6132.536299207513,0.4915942397243396,1394.8755430946042,10.636212041398503
2734314.660106511,1.1205708496495017,11804.965801504455,0.95,2698.1369875994656,0.5213072807400438,304.82538743425386,5.613393417166492
574552.6689343513,1.6284931637484177,4353.26108014558,0.85,3001.2229498451043,0.5419629244498765,1009.2131399665734,4.676241825856931
362707.35293383145,0.9241525894810346,6447.627568876218,0.85,6321.3907118681855,0.5741627720314435,177.6566655012608,13.750097297620265
631090.4846910131,0.4607246150352834,4205.710653073544,0.95,2801.2575906473985,0.670764702546091,65.27887339882996,9.357403444988236
1426921.131460873,1.7861411594417174,19926.04824619484,0.7,4826.975124651802,0.5603227342120668,2747.2274095352536,6.50569343177456
2563010.174452306,0.6994168823815201,10860.19110371517,0.7,3512.765694320504,0.449103230835951,906.216662151694,12.479004949555183
789296.1794890264,1.0065190304135858,1937.2081050361824,0.95,3719.3343160725276,0.554671010880377,393.4370594549873,5.099084381697923
1097427.2088453227,1.2785437643806146,11013.561969339076,0.7,3182.1089842044253,0.553661517211412,1942.9439829862968,5.308313163036218
816404.8245976039,0.70015992922897,5448.530313784444,0.85,6446.357429715892,0.7848743295803609,551.6031054839873,15.726695402635062
2902118.6403425885,1.3703042462406363,3398.704383733636,0.85,5723.75325345662,0.8629423259148021,213.043566940791,5.465324336266231
135761.26179795116,0.9395673083678463,13054.338726322023,0.85,3359.326818683533,0.5901561800178143,1663.0820223889714,13.325683068243585
575495.7240381221,0.49637923898226455,15343.296377445635,0.85,7097.565945042633,0.4925266381000092,2323.8676535787054,24.87429712293615
952219.859217073,1.6657520205608267,2090.5715567925063,0.7,6503.305421624311,0.6870773850283798,246.95376142232772,6.423662839054647
988054.2886187119,1.0511474745245777,19030.68811262321,0.7,6890.165130844552,0.6004105895787901,2736.943241614964,15.619766877364869
1310916.113003086,1.0899725797598148,10284.146201851472,0.85,5266.751926552228,0.8110281072424613,329.7584535810521,7.205111120928151
2086703.9208979087,0.9808772387308227,8430.428223622237,0.95,3874.927147156799,0.6347174078259754,464.4812406056336,7.800450428876032
876678.8209515566,1.5970094221907756,8047.924712455921,0.95,3868.838504813334,0.6127004481486295,1480.4158135990901,3.7503927108356234
1854693.0456230734,1.7794871406413755,13148.946555072116,0.85,7443.492907853049,0.4328009791210875,228.9285054124133,15.562136916761293
288276.68966169143,1.3993335880333064,11136.699912718568,0.85,4038.8768376922394,0.4263617958418538,1046.004708523201,11.232903421777817
2265689.42342447,0.6255882855817902,1420.1551678767178,0.7,4968.435110747197,0.8045260258590596,22.2353629323405,15.478587833999317
2069354.5868281445,0.613507873327293,479.07398014474467,0.7,3340.4729522871407,0.9172876679846281,56.72572238720679,6.0202266771156046
248130.15367521578,0.5992105781354597,7809.271850258359,0.85,7274.8515459098735,0.7759494525047388,1344.1222168825686,24.940612305338412
627526.2265186878,1.5102899174029298,6937.11259547491,0.95,3527.1511564127186,0.9000179940742421,1681.1694416380608,5.0124360804734165
2459996.789555633,1.3445075887247873,10334.083300314192,0.95,4826.038786735811,0.8655016312517638,109.2495534266981,3.307076617364328
2577373.219088489,0.7691997577320399,14060.201050534997,0.7,4454.504377761307,0.434342173547019,184.28318263581474,10.902461581938102
271019.0039654329,1.2053444835718803,16229.668206082228,0.95,4716.295079737782,0.7330370073820083,47.42212706423742,3.777300230142338
1682866.8457115137,0.8491737913597455,18811.655355358853,0.95,5361.953522810074,0.5180834161819119,2013.517171927222,8.383370210788247
1674953.4118392866,1.2468833429296384,1366.5237188489095,0.85,3608.5343344591565,0.38822068758527345,88.81127619168997,6.516289161542576
257417.85876514332,0.37643505583402626,693.9648303916837,0.7,6963.782095281646,0.4309966651517014,98.53562927530606,25.075121970031915
589564.392760713,0.4491044410736597,13187.871580468782,0.85,2785.7387706693075,0.7995101956198221,2076.050285962638,15.746762594922542
2246874.718015035,0.5212897329046573,9611.602337389544,0.7,3306.42728575394,0.534603780618285,403.3059069791667,15.172998213405185
127317.6018189861,1.1068962112163172,6538.074364553629,0.85,3737.920891760249,0.8973126986107695,1169.5001261258333,25.062077107871836
1977515.8385468523,0.8710415992469137,8894.131713787045,0.85,6660.837272049375,0.8558966865881898,1338.4507340250727,9.59229047047745
2631318.790383165,0.586972467798413,7551.353652670814,0.95,2787.5510595172764,0.4479242923313934,282.18255714037747,12.019322636089711
1860102.1162625272,0.6812328839902693,11925.701563761968,0.95,3527.104197183843,0.5039593920327372,1712.3957201155422,8.594943369550233
747055.7994750486,0.7797618587498679,6175.351588163108,0.85,2724.7849437442087,0.9206439547822045,23.625719751555735,3.8398802469435003
2922309.0158613487,1.2974369774052814,13276.95432216871,0.95,4338.5037644291,0.7296411727524329,433.6224807677442,4.461202046678078
538317.929557839,1.3048648501336078,19839.527310846046,0.85,3795.113437209651,0.531100763485312,3694.0754142645756,19.574787862499946
1404628.4822915928,1.272082934524418,15850.182713242337,0.7,7254.47710060832,0.8542900222849052,347.5311528955,6.974267291846309
1104914.7201580736,1.0444316913245073,9979.412914457102,0.95,7209.072847316292,0.3622535263746696,264.7655786933262,19.885679574505232
998132.0064203065,1.2040315713244936,10411.457582983598,0.7,3171.08212524561,0.5452077849299602,1282.448412065618,7.877979833278678
2213367.3026718847,1.158935683824629,14538.995694633699,0.7,6247.642444171237,0.707993279932076,1908.858209042745,10.19882123145535
1130011.7035385256,0.42056780951921074,786.7113423325438,0.85,5214.093295685116,0.5286700998062623,1.2105800609416755,25.2100548875322
788610.9670199782,1.4318511365036768,15441.053313542858,0.7,6482.589813496459,0.8074288027684495,2916.760479171176,14.981190594335295
1683598.1780824172,1.1850220248770302,6208.169368357525,0.95,3395.12345614921,0.9016346466457641,973.388465882259,3.9217790613007053
2944723.639694767,1.324422797334401,15427.425894032402,0.7,5281.670530767311,0.7684429484296507,3572.584672101769,8.914546650152717
586355.5861251263,0.8306226288731837,8068.047735665327,0.85,7576.580624762639,0.7736041932922231,1079.7206483106697,20.629606195703367
2041753.613324095,1.0271766182491393,6597.938481680324,0.85,4077.2581591816215,0.7070567534792955,195.67924594606282,4.701911081206324
625672.3489511599,0.7342808934181486,5604.08778964602,0.95,4292.799815286324,0.7715329939633396,1.7678970697736016,8.826347673250966
164928.4287775634,0.7457627270736051,19897.107806921038,0.85,7551.179162646649,0.5515015807440562,2427.302108137898,25.020498475938076
366729.25657526404,1.18273106755005,3282.3689030772357,0.95,7540.382863608986,0.40400380354983345,91.04118273651211,11.884984898932178
153001.58587710222,0.7578066519676498,13270.329150864209,0.7,3282.556382061258,0.4360504393153277,1686.0765861596583,12.230878302770641
892251.5254867278,1.0069690751742497,17160.188507553972,0.7,5093.930976821265,0.8225602318244412,2450.0104693805893,12.759513166517072
1360880.1797827855,0.8463567590590286,7597.101928153347,0.7,3236.389881563499,0.406190818624724,1690.9628051911234,11.213765198951346
621688.2076786173,0.8499109812506338,11889.310302244508,0.95,3317.409099522971,0.7029933516916614,1251.3203730428156,7.213892524353543
983557.4201249781,1.678390947469539,6996.582017991594,0.85,3801.7174581786007,0.8348638313582797,1211.1435342832742,3.4817727388793243
261182.5413481522,0.4028263235992986,8974.924147456699,0.85,7278.868783654916,0.47783733708739257,2378.646534400156,24.90796861610663
2799734.6726949573,1.0774096709949506,10174.375487789335,0.85,7570.803838117651,0.6349646088445967,624.3604477046761,10.092732018009507
1367414.3930197537,0.35878426983886497,1684.970088120989,0.85,2950.5593630193025,0.7760693895633295,115.48238687532215,6.847903706914783
2069426.701917286,1.0620686484171418,533.1535972059294,0.85,4008.264023147039,0.5552904653075125,29.148963330601585,5.917054744814345
1414759.4424740565,1.5314242553513782,14647.703473167412,0.95,5770.864695546801,0.7263604713636156,937.3159875645372,5.261805476894355
1644686.9630715528,1.1509579445024776,14348.131545747627,0.85,4010.5647843964034,0.8076209775274883,1586.6399904076015,3.5897656524333237
2062754.6700462077,1.4232120026092057,6777.813019857114,0.7,2905.3270767608706,0.42993100221083413,335.769341259458,5.668469322656066
1984950.6128229478,0.5480763840305003,15553.404162918952,0.7,3609.284073042495,0.8736309687020535,842.0696095489287,10.030871629584752
2664344.0244987416,0.7435871554683456,15548.788133202648,0.7,3133.9892229315974,0.5046116236851028,1285.3745098941688,7.964865456867895
704606.9065667795,1.3366250385840615,7872.5106036676125,0.85,4499.073008515108,0.7379442674577902,792.0728259851628,5.604364834163657
877546.4059727438,0.9910541271058049,5520.5599438771305,0.7,5144.994616998143,0.6791431451662657,651.7186576224872,11.050293276318087
2644332.2055633217,0.5264509166924298,13713.28786284095,0.7,3691.917718272776,0.6526455315045065,3160.3600595121443,9.951876821487478
1199529.9986494537,0.5833737641931886,5660.089094802369,0.85,5109.101731012524,0.4904728358034112,343.34349984592086,12.823982904737127
503519.07449208363,0.8775056241387234,14542.329877887465,0.7,5974.176120689647,0.9079227368601439,2335.2064133925032,20.148303834745523
2088839.4428857097,0.6803261690752569,14888.054088743771,0.85,7893.521513284235,0.5038446023384766,1697.3708627514984,24.769587256143293
745190.9689286491,0.36339643605684335,7534.90190571937,0.95,4250.3780504012175,0.7538015658388812,910.4737427382341,12.997237807617488
2445050.4270883873,1.6753068229039032,18231.148036550865,0.7,4209.071472770513,0.5496807368610035,4163.388925569259,7.94341808311143
1098311.6175501957,1.2134745735696713,4626.173196616821,0.95,3426.1430675495676,0.5795720893186245,494.1125264041906,5.888472293169226
1969800.5149437208,1.3677284946011574,8176.218931868694,0.95,5424.783638065352,0.8220486530402927,1487.65757998367,3.8877663216726956
2643384.6811480834,1.2627990285349844,12773.156734043967,0.95,5850.5927604377175,0.5593689006937207,2013.4143294839726,10.716584780247459
2692405.9728821875,0.6256388690351438,17713.39674986016,0.7,3824.0862443830665,0.5555512616210528,2721.6447271768893,11.667242491430546
1293981.236611597,1.1599178968134645,2581.6571600906477,0.7,6992.5103711350575,0.7070254360410815,55.84267464510299,14.452892966873328
1563215.6290083372,1.2541839641688926,7278.265872882793,0.85,5267.474436277171,0.5733698517243467,397.35876337206935,7.954910494850179
564663.324093695,1.1929593959475626,8450.680266646543,0.95,2783.6874942246013,0.6188420411903761,484.13752618783764,3.562815804714072
2984728.361571959,1.1556410622510103,13849.732982668933,0.7,7053.582809361147,0.7161164861057012,1006.4558769536126,13.288377626824579
2518209.595984116,0.5990420617992099,12320.567539048381,0.85,6643.527376728,0.42585739959125857,486.8633142563913,24.955077116381258
1685179.4990748141,1.151194512670821,1028.858203055394,0.85,3675.99985135727,0.9847769935801671,12.139857465285676,2.7756136178627133
720803.2895874033,1.572018352533672,12505.315039195852,0.85,5596.268195824603,0.9541265132800217,1625.1701519101935,7.522901135481098
1448105.931572562,0.6651311131296045,1442.712903025937,0.85,4286.136640424446,0.6458997259732522,148.5274529274909,10.047625154283192
2251531.3475692756,0.5300175187204835,6769.889980102554,0.95,6440.382466657478,0.8941866396600757,539.6067754456584,22.687933346601856
1185491.7192430783,0.3546511514935168,13543.044857271216,0.85,7263.937369497591,0.6948088301168112,2731.1030256740432,25.287067906010265
1357003.3981071238,0.849532034932443,15115.530388807078,0.95,5485.80858452423,0.4619026252303069,136.74848699582648,13.487040175412163
1381005.9143239206,0.7053954093857973,19261.338273015455,0.7,4726.087867691969,0.5938238744991207,271.2818997289975,15.68714472013465
1354732.9771117843,0.5495704384419355,288.0906912154874,0.7,3561.359429723141,0.8701614883457639,8.151888653376245,9.183306081493916
1716243.6713301507,0.5511260245802734,6006.815169487202,0.95,3937.1401056329023,0.77449132980783,390.6885200708062,9.259511432758003
2267592.6580819725,1.6199341177011979,12121.338954833504,0.95,4825.982638969303,0.47610002892041337,1040.7851393159733,6.3651598305303265
2755021.928292264,1.0610777050264688,19135.530813453675,0.85,7038.76894404574,0.5982190179097353,860.4393634514063,9.297242161463805
1166209.2436758447,0.6395990706804977,2423.26735004472,0.7,6817.290523084977,0.5496353408803187,365.2555422687785,20.65463353802737
762159.6955581334,0.7303221830422815,2032.666987018991,0.7,5873.475800246024,0.5680398518670197,145.09475485560864,24.999764199329622
1932709.8788091198,0.8502905809217913,8041.967106716363,0.85,2720.1719453959518,0.6144758739446549,304.8368250611585,8.150360802281977
2767629.983019188,0.9847641322449889,7007.367674238243,0.85,6584.129839656083,0.4545371355001259,539.8828217544238,12.30374875401041
2612800.0386204235,1.1945231156371583,6102.821379297128,0.7,2881.7909229715106,0.8366793877068897,1327.4764084710498,3.4465857603354846
1807130.383130208,0.9541706458956952,7401.9327952764415,0.95,6045.329369088835,0.44242090845976767,441.06247941145693,8.525843817633993
2991227.76683556,0.39381784543945736,12027.251190486571,0.7,6076.167507999398,0.5161580335799083,353.1815671679828,24.776879320992887
2348356.029266382,0.47469850887068166,3977.06685883995,0.85,7616.0006080962385,0.6019906013353465,508.7543968384971,25.088546664183294
2061359.3406566407,0.6417465222825156,7807.318463448959,0.85,3305.964349081826,0.8240777892188907,649.4358144688904,7.399922718669676
2195560.2509009214,1.0293902927390497,819.2895752411669,0.95,3312.643947896591,0.6001165127472097,180.4571290884042,4.004537939272193
1822951.6252602502,0.8680980251719036,8969.698449649353,0.7,6119.177707112622,0.825587309254063,1973.9173059848467,15.755742083041326
2229340.2886496796,1.7427691726618217,5556.684647971238,0.95,4436.2229152388145,0.6396400193058637,147.33842956992947,2.8815229998376086
616171.9901202648,0.4421233550282378,13769.241799900996,0.7,3108.82185818022,0.8309633160681786,1242.6170298830443,14.73929217822793
2836218.5261521046,0.6512095662858934,13721.314187783173,0.95,3652.7804657972706,0.7225124918719855,2204.6652964064674,7.068332615301042
472377.31393384095,0.9475520110125565,14968.526213441459,0.95,4219.360872813328,0.5041428610742098,1047.3031607394828,11.355455539070443
1545139.5503417717,0.513438296175397,12595.767769459111,0.85,4493.853849920546,0.6100162472598685,286.6571855550861,14.346944951406511
569327.793685104,0.6294771916465809,3082.5373036242695,0.7,5636.061712844159,0.5122121683172614,784.0407447085679,25.17635281048465
1062255.9932882234,1.5700761841586202,10472.52213324524,0.7,7117.863742465679,0.5436186477180187,1721.0833932082373,10.524116605680168
905641.1420821007,1.7587853811166818,12509.034567802642,0.85,6190.067483046788,0.5371099103190087,941.4659032068747,5.413013267749481
490350.7310116472,1.6976842686826639,7404.166264304565,0.85,3460.7620270635284,0.510627537439863,967.9310035290994,5.543765734790512
1011673.583976093,0.5358352924362803,19648.17042539963,0.95,6222.062462191773,0.8388898770138005,2622.913225621086,16.49082476200032
1494109.9580249086,1.239885034252583,8649.250031622867,0.85,5715.372667187108,0.7203959273508055,124.2946172073122,6.446324598078296
2735716.402503296,1.1446864342718175,11219.799211274722,0.7,2816.55819769175,0.6289486634214556,423.0155534578944,4.354334903790081
2515118.1142073073,1.2281078832124224,1561.018379172547,0.85,4214.743023278544,0.7494665618419195,160.37725775356245,6.731400419583792
1291164.919936779,0.4531378269471089,2441.702203539621,0.85,6177.821195638807,0.8124138008617221,376.72007557859115,15.831880741143186
1762200.1667322395,0.4678338062239075,8805.16482554848,0.95,7358.596501503375,0.7340029366143976,1748.5516501214618,19.76137622537461
95420.13213368107,1.116132614545522,2774.9195136803487,0.95,3654.638722014771,0.5171423241417774,333.2995561358934,9.243751135784029
2716182.588830013,0.5891273424824897,11645.60311109651,0.95,4535.2736829351325,0.5924595986005271,1097.1228948576984,20.431569054784582
1659640.5783419563,0.503069920645479,10781.49525438855,0.7,7205.830033283198,0.5392138064032936,88.67571143813609,24.981350076872666
1632116.3346786262,0.9510946349309625,18096.471480325235,0.85,2816.929093508811,0.8519738120848479,2465.0980670608856,4.320960469960738
345971.48764289275,1.456911228507761,1474.2147779874833,0.7,2877.080638356661,0.8702923780069931,346.4141296158575,3.2704877068019718
2692232.649892266,0.57605686941826,19055.4765957595,0.7,6174.192742513852,0.5974894335515086,920.4240150027955,24.89753865891865
2907518.896462817,1.752749304862626,928.6281279223359,0.85,4603.4649237218,0.8393757723775901,15.700901982038342,4.108327747978954
2246705.5943945255,1.7011447735707783,9505.800660204342,0.7,4471.240108761525,0.5785136015313668,57.670942789027855,5.9055605218502665
1669494.7581086177,1.3996945553519713,1934.9336458494347,0.85,7975.393984840681,0.6522498865772832,234.08345246945993,7.91236585676937
2087579.1984128365,0.5420545273090963,2460.8512004774984,0.7,5940.052488251081,0.9397201640517383,271.9704995430244,14.385954431408196
2130530.4222257575,1.5540029188896636,1438.5253682904292,0.7,6652.236726450884,0.39855052802154867,125.27452254970451,17.28990336133302
2103004.127086398,1.5760039099234304,14474.180163557796,0.95,4514.193966401415,0.7963707297127334,2150.378354753727,3.7264574443871865
334360.78803663095,1.6172878044466419,10349.742311461847,0.95,5103.48557258606,0.5950459823308493,441.36861047131555,3.22811820857585
2366745.776888861,1.7925490352759832,17299.28138311225,0.95,3881.9495288855633,0.8835065950767582,1792.8232244229473,1.8801443898207866
2035427.47794989,0.8315704015527194,16560.005719525347,0.95,6435.4919841461515,0.47684374334990476,1456.785507503894,17.203428020950273
2151865.0005715024,0.7574682808772163,6368.851140200425,0.95,6818.633747687551,0.6701249016407602,955.5990909556002,18.30373218967075
2549684.336136601,0.3899440508726114,15587.62443825879,0.95,3141.322250626841,0.6939645425046101,1952.9359365453656,8.792891432722524
1889409.8253927035,0.7737409038914216,2846.874366324324,0.7,3076.3872902886733,0.5271695840426072,324.5249286657643,7.49404878935364
2253229.9882522784,0.7883975126063105,11317.571958749691,0.7,3431.151551106979,0.8812269425308805,484.1079921745439,7.785645671775461
757441.1056961498,0.920968401530587,13181.010332375663,0.7,6310.078251467838,0.44602356565169465,1110.171185260061,18.649006706652752
1394435.1558585078,1.0140434647409622,1102.496942617383,0.7,4866.24589490302,0.704933959949032,42.54599725607183,11.83196717628152
759927.7529190051,1.4705544442889948,5872.248191600803,0.85,6895.690091381491,0.38042321218005576,147.06165332630496,10.697339398047754
1527562.7521039685,1.1318843086007322,16582.374712263067,0.85,4350.990217380827,0.5880244535257064,3152.2786839766436,8.591891656382531
1737284.471534009,0.8956070793053703,11697.41783648296,0.7,7236.805381101499,0.6460596459871295,1296.5526603073959,17.90960808019134
2578859.5126318173,1.4520997176902912,14124.14005874156,0.7,2555.756630273848,0.42831317269042646,3015.7388452062078,3.181393568465284
2641229.085728692,1.566023845443536,17447.50002522201,0.7,3142.3550527532466,0.4629873219374279,1962.802695991253,3.6880484861323066
699299.6395990453,0.9675065093543687,9175.723505764536,0.95,2530.7969137533237,0.9978335747923113,536.9834708595266,3.0410441260446865
2554743.6634803494,0.6766013389144374,747.7507819449767,0.85,3237.928429187721,0.8753201265246511,94.28091482690805,6.123600627406962
717277.90486586,0.7687615468828808,2902.1092579452425,0.95,7552.2199698802215,0.3583500615613312,547.1052841543894,25.114616233552567
147524.64160808834,1.180420997103131,1849.1265636151013,0.7,6902.073673153888,0.5069804939606429,249.32519313001913,12.983687591550844
1635735.4328064022,1.2756028770545962,2964.1351585677317,0.95,5540.740854443582,0.8990745376226944,492.8826229557892,5.793315502750863
1178833.7362517042,0.7286995218240566,19050.594375140743,0.85,6694.689722011319,0.43567784577224306,226.1817270383647,19.528322992591875
772693.5340209788,0.357858709736387,10789.077880971956,0.85,3141.5525310930234,0.7667733896445694,316.0554389614856,9.28941060340803
608453.759641679,0.5772272616141318,2098.4148464814925,0.85,5866.452401960429,0.8526450052061075,148.45646577739868,12.289533385806614
336239.5635734074,1.0043567272706233,1054.1914652857488,0.85,2521.7027801495697,0.7980689593821304,127.96380816613227,2.7578935567464553
2110713.9860690497,1.7724223644729307,8610.202331707684,0.85,4854.624098007734,0.9939061026895218,1320.065314848121,4.189003444704999
635341.4979465477,1.4056496499986366,14445.2804053742,0.85,3943.965686069484,0.7471168715292584,2251.860499445454,9.757678810309638
1406848.7739627482,1.7851653884045446,10217.216265812314,0.85,5573.364710482925,0.44565652374586373,958.2661201394088,6.168628535349609
1816129.040988718,0.7091331010007353,3276.913391395048,0.85,5433.634004592211,0.4770706417143452,79.09629139932488,22.29765573717611
969217.2118828926,1.0057571235182259,8788.237316974848,0.85,5194.645799760545,0.4966740553926149,1277.2149129637326,8.231745599345961
159757.81278864614,1.4979478105071085,3507.3565073374707,0.7,3001.432445430138,0.9762888866384648,489.08176469410705,6.182540897364221
1970113.4826548158,0.5105732033954031,9747.417235234388,0.7,7367.03614751465,0.38530167930945974,37.072251688456404,25.29976988121189
702809.3045579229,1.2108921251594695,711.1764853871146,0.95,2694.642482996382,0.48660735562000257,15.895887088304075,4.459137443840231
1704149.9196610036,1.0817646528783997,19377.38525587456,0.95,7399.286075621828,0.9535432883039553,1337.3688723694347,5.694460777428908
653045.3067761182,1.0743842986197367,10525.444833819887,0.85,3390.061396598214,0.4077636567171558,2339.9215009912004,8.680567405818957
2090985.4482183799,1.0834550900069626,10723.686770281096,0.85,5188.0727463504045,0.5000856626173952,1339.2609079929823,11.024764439909038
786982.7872728629,0.9834248138249699,19160.7240532505,0.7,5300.651093589913,0.835077978775201,2501.3086780105264,12.411052067613628
1382762.217192079,0.7618959786946347,12830.890242096304,0.7,6498.778564927327,0.7977255734337414,797.8233038019995,17.659796621732788
1548499.2381773884,1.034481687147812,7094.285119466285,0.7,6016.738446603802,0.4338817998838667,955.975193223164,14.521836391019525
2921329.133613166,1.3705357259295172,5829.113951348045,0.85,4128.483552600289,0.5394036125773678,1152.7868466536966,5.177143741452532
428715.5839667213,1.7655542209939705,4192.470523992388,0.95,3251.5858354288707,0.5572610471724619,842.4819163829827,3.6271488430758105
662662.642723491,0.35349652627593253,10587.756296626705,0.95,6483.334166497945,0.48569106784939564,1365.8614251568988,25.03291599379299
1376834.6033019698,0.644193102468724,17584.979599194176,0.95,6299.967494881386,0.6930832098246413,1014.9464757036422,18.246960863869127
1262901.7568038355,0.9903530402246543,2359.9812808142365,0.85,5795.302601732392,0.6794896692569343,382.2601142976491,6.4543391147064915
501713.1788316525,1.3506399535834843,9479.116675559639,0.7,6260.419921262639,0.5419537797740881,1556.122277646427,14.49384994732273
2152971.579802677,0.6762039593038017,14829.09230947423,0.95,3966.331388770477,0.905952584118361,3803.232571160422,9.355613463158637
389331.4271695814,0.41587459442920327,15848.227292931762,0.7,4829.955789710153,0.5759868199296155,959.2048269895724,14.872818502914683
110601.95185802443,1.7871047504229174,5367.920954291412,0.85,7170.344916597609,0.9011215728268115,316.36295587325696,9.274198659831116
2638514.4509428022,1.4708433228969984,1006.5186431488207,0.85,7685.349202702142,0.7326930083433143,70.79174050400263,6.784881899567159
1971163.6899089094,0.655376069863988,6218.413121984494,0.95,4967.688410851862,0.4927301846531162,212.43548437364797,14.70767075792734
2128683.6308439556,0.423466612460162,9083.997028117561,0.7,3444.006319458671,0.7315925186767214,375.6937772705802,10.092009135455164
154813.25818561637,1.161288597335793,14488.10639359334,0.7,7249.205546597698,0.8959182837756304,854.9939398082139,24.962015694607384
1090566.4925679965,0.5212830285910591,18897.332842478972,0.95,4909.980599137174,0.7239239898316202,2657.675278199307,16.410660619390722
1893053.8298848285,0.9931762102380373,15200.764681863864,0.85,7779.259466234761,0.7411432830886653,2116.4687495042913,18.243054007736784
799749.24995107,1.3548140547888932,8809.061474088565,0.7,6918.422433824847,0.5769036948684155,438.83110100773905,21.946741754062213
2209869.343527139,0.5031269467584555,17346.683279485587,0.95,3097.2483933436224,0.8148832528093952,4101.914297220171,10.478043099525276
837566.7667712115,1.5223242980415628,5612.125212401851,0.95,2515.7922110214713,0.35814788629100874,52.60386564874025,3.0579482522911037
1759269.4206429261,1.4990769775059847,5405.698628151115,0.85,6363.472652527315,0.6009217968525393,68.74200831384314,7.393282791673043
2754087.5877063936,0.8015049791895508,13281.044539319211,0.95,7940.793869597582,0.691311617306517,1207.816460680129,12.193470445417663
450568.1855984517,1.5818986225982377,5250.519874578181,0.7,6934.213194261565,0.47498458449247827,146.0892069636045,11.582084199967388
2680520.343114352,0.40229092868760186,9255.298996435862,0.7,6132.925815118656,0.7359610475065642,1191.9986342221123,25.1607854434274
223429.5016226973,1.6439468007370222,16399.360266623644,0.85,4036.919849957104,0.4300543808173781,1652.2915733606612,17.407545508677522
542051.7807802171,1.1207913059461065,12198.349719252183,0.85,3365.3949635017243,0.9066266651619415,1939.5671961991288,6.1165239637705175
1211021.2378735703,0.899593161659082,8484.183338601324,0.95,4831.771040517418,0.3724715811568504,1681.855603358646,9.232962213112303
2932168.7856471776,0.3713837980069267,12017.393151006447,0.95,6858.813301242192,0.7390703649931527,854.7349812192805,24.707644214662313
2091168.3530271319,0.3743978986680502,5565.472932031472,0.95,7504.8740858441515,0.4029645870900031,804.923090069409,24.92137256406175
985883.3637894663,1.2821880702204522,16674.954467470903,0.7,5117.065326422018,0.6047412898331301,1820.4280368387933,8.649357202121477
1096990.5121241764,1.3982145728491573,7737.12596849249,0.95,5893.352871572426,0.775980696774845,611.2949783128274,4.153732058075399
1766324.3344643153,1.2661122422101343,11199.35356069554,0.85,6749.8116276211995,0.7112128862819078,1721.6622564427664,8.029691939661005
2852656.809242689,0.9653296696807412,15803.843966244498,0.7,4071.858624108283,0.4187834892579401,1565.0656399571815,12.132744961855055
1495168.9863800344,0.3984335714418926,11572.54917454259,0.95,5570.808877596397,0.9098073288611905,1015.9214835235538,16.463734564754425
214950.4842051506,1.2724493029737882,19670.921053293823,0.7,6361.575121175275,0.8198383703273693,2916.064592919006,25.086990076259394
1144260.964358913,1.378382029811938,8273.860467132163,0.7,3267.300624124135,0.5016916041651811,416.59070478953385,4.756869537888623
1095812.3357261526,1.1005302877773866,1059.7171926402084,0.85,5599.133408558331,0.718717580287704,144.00049676732104,11.712543624927099
235529.16484260932,1.2956589776724798,8075.939478618535,0.85,6910.037701021596,0.972076294926175,114.46740766031789,5.575710283912412
505537.31266558956,0.5296555013857998,18540.40975721715,0.85,5810.217565799769,0.5840345328711831,2944.3923845090717,24.247166936954986
1142466.051061728,1.433282331256871,12135.134428619262,0.95,6166.32621971658,0.8373253560151046,1582.55451480728,5.98042758637954
1550724.6584440114,0.8340822841967507,3546.919661484684,0.85,7516.7535269490345,0.9835935668046466,743.647367840101,9.253099488882564
250153.90956678588,0.7426968799480044,14222.735812093524,0.95,5217.410453866203,0.7377772959971894,1984.3813520027234,14.319656210581897
401618.4189523818,1.2663405160611034,14395.145609528752,0.95,4085.1461255131508,0.5870859921889567,1726.011803224048,15.306133117032003
1813032.5984315365,1.1726705120933592,15517.5299362235,0.85,4488.634614134489,0.9682929265310041,2277.339693177093,4.691498371088303
859511.3427344918,1.461351892773957,6473.730698442494,0.7,5787.603467250263,0.3533681373929824,1438.9302471920078,11.005794150931484
1204586.1170406872,1.6025961210694253,14892.585115754227,0.85,6587.332938727788,0.7391312570974944,1966.2120955877622,9.052176456838373
2930801.8896865374,0.3579767023577082,14419.362802673199,0.7,7821.536028996309,0.3677342270715123,401.7942691320354,24.954688775075592
1819119.7171924058,0.7140394151364156,12319.865831120442,0.95,7448.3101343293965,0.4988069533001639,2405.8683916958944,20.364689661515797
1997518.6522431176,0.6362247954187432,1888.872195690176,0.85,7790.764521817734,0.5982472745469223,225.0190203904279,25.00015707791238
1179333.238971883,1.5922595441478613,2979.1478288438175,0.95,5712.12072954403,0.46084887197634555,508.8825315383996,5.151104888843816
2138014.125845966,1.3147454970479293,4497.51680253354,0.85,5414.062433687682,0.6501782774009062,976.0158944733339,5.152471541931617
1916118.0133159633,1.4472872280538511,14964.578683612699,0.95,3993.609537992427,0.563279939544457,1742.2445270009366,4.188163149097423
743038.1296740756,0.3648557725560452,6921.347017299674,0.7,5645.462798317491,0.5258377378616307,704.1949077240772,24.93433067524422
1617478.822144883,1.5194732090869976,17948.324981052803,0.95,4604.907989786963,0.499426864955158,4886.836925303913,8.727218411168598
1403590.3500542706,1.5843255879529048,6231.007756295209,0.7,6160.729419177906,0.6245277396496165,414.04932510686416,7.261218583059339
2308131.7340685157,0.4875777090739193,17069.513066505668,0.85,6481.847656214815,0.8464718540146561,3279.466634241602,16.774467923546187
2574634.7859997856,1.7340610490070008,4023.047507724141,0.95,5724.9350562819545,0.7209697503974599,21.581312645272448,5.242601412929707
1658742.5544202246,1.4163957368785804,13059.798846098436,0.95,4471.182038681909,0.4250658178549168,752.8596830427814,5.6823063146501696
1238245.5227109692,0.7278540419980764,6633.614221981993,0.95,6123.620381951061,0.5260610262419803,1276.467242807625,16.48467291490976
1154187.6465702932,0.8486668834241355,311.661799485836,0.95,7902.126810505193,0.6115136055505515,45.454467936970815,13.479376845629128
2455033.8277006745,0.4489815030502559,13879.558569339448,0.7,4013.3995232400603,0.48900410904639946,999.9450238591128,25.077860606938273
2966553.063459743,0.7893446358949652,4596.868903305172,0.7,3582.23402924568,0.7438017819655256,263.4038111459559,6.370290094905651
2469190.2396678375,1.0248889523077493,19746.505329869913,0.95,3583.250683160203,0.7406183088273479,1928.073409005479,4.568795552979969
2149623.3515666258,0.42388326818142247,17703.047186590637,0.7,7046.669717573797,0.3645635523684829,3359.1729880875623,24.917983236660366
112079.44734907722,0.6971703647411707,14255.273524704477,0.95,4658.292676193798,0.7479031012853228,1892.560178141697,20.373996939604186
394319.75399408,1.1826936313833998,3907.166396579058,0.7,4526.111656573414,0.8888051379668528,578.0802948957447,7.174587600932373
1996092.8116962998,1.6246142791853235,9647.119112721937,0.85,4988.4606956987445,0.861595582502783,495.7658518606794,3.800728937432066
2614634.1559964363,1.7577073422928464,9279.959712751148,0.85,4298.608417895222,0.3739535013965345,452.50104322809966,4.769165645524955
674052.5196023067,1.634176216791154,7351.231546270268,0.95,4639.759593549399,0.7675474886151596,83.98420609808556,4.055238835798384
1633643.7835463353,0.842730787262775,9639.338256501385,0.85,3953.739387820411,0.37395519010095357,270.78312705868274,9.857581818621265
1984911.2530080706,1.0446433286485806,15447.832271389956,0.7,7028.549252538609,0.409455653092536,2221.084018047131,19.17829626686736
1667676.285021003,0.5615451686797214,1768.5471112473288,0.7,7764.705320651367,0.5778384191832566,126.79775064392089,25.00597476523347
151657.4034960923,0.6751398050048798,5364.052606663367,0.95,3688.4979608545636,0.9060318982640524,383.3648649628769,9.987329161519558
1570324.8290466922,1.1360202336965886,470.8371566188208,0.95,7776.70046899311,0.7329528588659366,53.36429239972811,8.636053336881718
2639022.6505788974,1.0191475539760138,2111.167662251767,0.95,3587.924495202433,0.6726637728988698,256.49661143643596,3.9857335776673177
2160704.3405331504,0.5445981587227782,391.328464452915,0.95,4887.81831398205,0.5825391652433358,5.703031804491672,12.643597665076323
1944661.5046665429,0.8856652128939975,9559.195995424823,0.85,3819.604730105785,0.621953210531276,1479.9340459842265,6.05564469578319
1738671.2796312817,0.40570455686511464,18143.071583638226,0.85,7740.312822664975,0.48831453482698206,1241.1423345586873,24.97101804688627
1588071.609001627,1.0462065798016518,5636.763252716364,0.85,7495.854324198651,0.9456511667745441,224.13539251427267,10.252040323821022
2843834.7935797144,1.7999666796056566,15292.159219666508,0.85,3094.704900633732,0.8334545191229679,357.2926532675636,1.9902320166303145
1620963.881095553,1.4165697893408868,19296.183473703528,0.7,5918.351311264726,0.7420713504972359,3044.5516024499643,8.10687632835836
108098.34311597105,0.4357843874216361,7165.605580507368,0.7,5041.579288592756,0.47306339917471085,114.08609484617266,24.947635875499014
184350.17829730225,0.8337708038331858,19238.35820231452,0.85,7024.545612593539,0.5242512085663081,2826.8459751062946,24.930613172906938
381491.12857343897,0.3603981023257914,17707.358822987084,0.85,6192.042358947776,0.49375492248474795,2775.0251737846825,19.224278648177197
404922.0744092292,0.987996479397886,6056.144329795385,0.7,2701.4921799194967,0.939017887736274,785.0149517133585,5.718206631781549
132755.04093219398,0.37629234316666066,7465.995983306049,0.7,3921.9588173499596,0.45431486212671046,470.6953986177478,19.782958727257466
2721898.2803610233,1.5407281218766036,16261.47860969083,0.95,7383.76120482691,0.807408987856138,4049.6709733340554,6.831763627851105
2346893.017746935,0.4445174640400145,6588.2667400085065,0.85,7431.092869561693,0.8324514961658777,1193.6566800961157,25.112917665604655
993662.4925856964,1.4257394369153933,2308.4999720580004,0.7,4795.348220953709,0.9660039089524699,268.70332969555,4.079536033026193
985536.4908197396,1.3653717783648727,16431.693414064815,0.7,5405.270883770432,0.4892662849067502,2326.185245370183,9.305694826374005
2808846.169617401,0.5607579422622345,9127.290807384536,0.95,6743.841800582277,0.7611305224998703,1301.4805338198237,16.520132958206148
2892789.455701839,1.6716564475904447,19463.52098418498,0.85,6183.900523495346,0.9029770359725982,141.54313365790418,4.662211967709969
1254644.8764870237,0.6759470977087034,5097.000816087396,0.7,5712.767692433814,0.8896637408612383,446.1335744363694,12.275701285699295
583810.2174398153,1.021372257117678,7586.001704066953,0.85,4891.519479230674,0.6268948640728998,685.988254818271,5.98079993726055
2597279.1077274857,0.4323324993653492,8104.609959009382,0.85,7211.383283111731,0.42661905599202393,439.68493409366346,25.044827206665758
1220188.1450170346,1.42079493512903,8919.032814220212,0.95,4922.782863419932,0.6475974257706949,548.148147661792,4.563567108627198
2577702.1239308,0.7374648866136543,18075.800521173536,0.95,7168.029981954171,0.9408501313602846,969.7670569673066,11.396465055984786
1922741.4570073225,0.3556026293954769,14605.629636621064,0.95,7877.613272038128,0.383939720803523,2927.899426108703,24.85645253997428
2134703.6886036615,1.456820324240752,6034.190559337084,0.85,5277.031054438532,0.5963042773460738,624.2250315195818,6.926123171689422
1266668.1743737203,1.2705183175736439,14759.570762308316,0.95,7317.9853664213215,0.5262388666302864,2275.143124294129,11.78017247387303
2837984.186845636,0.39438538386234234,2832.273444825999,0.95,5738.3286735827,0.5129439431808883,414.33898809417246,18.751580443840016
986786.9369683402,0.7169429909616946,19759.84029054553,0.85,6846.513968908303,0.872828325084813,897.2178147205423,10.294990118727513
2170344.306157049,1.4249739907773056,6678.675809260224,0.95,7319.24910961727,0.3954118768836271,944.9662663283862,14.184081837695521
2527295.6823383276,1.1927974122504426,9772.254793120812,0.95,6856.362313002135,0.5074484671325542,920.8815235740967,12.756203109682703
101014.42202361011,0.6171914980668916,11857.58065248032,0.95,6318.193828283953,0.3781656397493252,1608.7566190093987,20.20297581668924
856427.1931940706,0.3926439238036006,6722.361879013006,0.7,2828.906650998966,0.5437224559054895,207.81797314126842,14.018435097040637
1984852.0529955567,1.1969149737558475,1666.045211865053,0.7,7771.336420605571,0.583332198959011,376.84411845132877,17.66298601049114
1118412.3436965544,1.7778998685462222,2991.549339853878,0.7,7303.555639083631,0.9872483660138531,459.0359290302306,5.03530225480575
2544356.6955343126,0.6309686337051126,3862.665276147065,0.85,4922.072408716329,0.8003544206825677,122.95831859220627,9.41491923543712
683717.1259402116,1.253133876674295,3520.286046495251,0.7,6283.377760763988,0.7382325660040645,358.9706813075326,6.937108516518462
222693.844500584,1.5646352924109914,13621.714413240998,0.85,4479.960371290712,0.4181238349230124,2557.2546670971337,24.9861949311408
2552947.2004395714,0.47656381527893954,1048.0339820550555,0.85,3325.1308841039927,0.35917069353493064,114.714825153516,11.540891176162733
2784469.44630382,1.760612125061154,15412.681249887097,0.85,3610.938564677592,0.9656419534305427,232.8256804650836,3.181166397737263
449210.6457150227,1.0447458840712227,4798.473928250905,0.85,5576.267335093753,0.5307380048832481,585.153226709139,8.019972905912622
2173150.245471115,1.3314692954358116,7356.151492661178,0.7,2512.422182300042,0.8465483294295094,460.2867586303931,3.4897449992762124
1486969.3281750248,0.911173025691681,14644.674939512293,0.95,5754.555834517305,0.587142008170264,317.11379929654083,10.538015919399005
552494.3576138916,0.9454006802372582,16837.257831864852,0.7,5017.806171174358,0.4860542972234483,3531.237288313822,24.102082392607493
2810989.6985738887,1.203546345388849,11627.321320929066,0.85,6402.951201400822,0.7701055469838053,1298.4038283804377,10.532997522266147
2942265.291890099,0.9652413325597108,10765.488277544517,0.95,3748.9827971102422,0.9900510576597928,1832.1647502435455,2.6503193294771603
1753452.845211656,0.5325850171553342,16409.498168124628,0.7,3451.4274442721544,0.41632794900851217,354.8027193399455,18.096457294261672
1383753.3876606699,1.7007542570299354,4141.187273244774,0.7,3488.2510845879933,0.8217176575152301,312.4370135867087,3.000168059976386
2842336.9196538515,1.405245154337158,2711.9491324763835,0.7,5703.035834999302,0.6081406401597389,226.36050486686335,9.829343140676725
2110617.3852100708,1.232738379612258,8914.372771395749,0.7,6073.581221654353,0.8701843508195221,602.2010165771528,11.513463081545453
814911.4276006318,0.7608999348590935,6892.693676725078,0.7,5709.609270450348,0.48417577977258486,874.6129741613938,14.25913197921214
2620491.5958787464,0.6613733762564568,4975.429542460963,0.85,4396.257747533438,0.709446828200002,229.9375495511246,7.6725792622632705
2895798.6189202284,1.3505126768650508,11927.114791475979,0.95,2915.307090749411,0.75657839001982,66.03629533162001,2.279283746044252
2789380.732757356,0.8921471142342512,8382.013556926358,0.85,5931.786176802696,0.7844997265080629,472.83023318614454,9.483864551938291
647974.9147134464,0.3818661844644783,19621.88074891564,0.7,5762.095698938094,0.5909040531367826,3587.3957106354774,25.17238047065058
749456.3628068229,0.44123502355410216,17068.30845177821,0.95,5656.89585169348,0.8777787593575143,3185.7580054846567,25.045564611327578
2850620.9983525076,1.3005549129638556,4771.041093433614,0.85,7581.312715162318,0.9309284043370708,1037.3114808469736,7.25314869262123
1125413.2038433068,1.7186084981403704,3520.9805610389717,0.95,3350.7644731221653,0.604325114929698,168.0247681884545,2.218737882653263
786025.5812481612,1.451258465604365,11434.471982948538,0.85,2959.2080790883174,0.9607743985188465,843.0281516677275,2.2647578131164767
2925599.3127700747,1.4028992054607925,5484.784530693169,0.85,4543.094295924184,0.8358969206934961,125.4974411253058,4.431965654340348
1233248.7087994274,1.6766615670673013,7117.289305743745,0.7,6585.742214671018,0.6484303510913059,559.1526166827633,10.635744827847732
1209684.1848771083,0.6678025024971777,9387.33590985521,0.95,6637.91687814112,0.7996388218703211,762.2983477108304,14.079315729936825
1664393.1464403986,1.6821794107141241,17432.682698742927,0.7,4857.286434556004,0.7037062799719471,2155.3222433687743,4.333542863607308
615727.3134640451,1.277772930178106,1789.550474519711,0.95,5715.233951426321,0.7952086841303141,285.70781330637215,6.706283366231024
2504347.708897673,1.090454368317735,12614.497830822098,0.7,2627.3809599296796,0.9375480963288403,298.2687542925461,2.713360940642362
556797.2955693395,1.656462512297527,9795.415394071419,0.95,4550.905042760567,0.9879082663408724,280.6747402433875,2.7180378408318813
1925244.275143257,1.1858496285943223,14518.579762286041,0.95,4750.271824731555,0.6728498873958495,1248.352820902688,5.296157775132211
1719513.8409099411,1.32016100536941,8812.07857314994,0.7,4962.40392339088,0.3895606790837058,414.78979872940266,9.40378818021798
2511181.7158024237,1.7020003922857323,16541.14551398319,0.95,6419.167253921323,0.7926610283075339,2606.9459675094686,6.023071009424777
1035044.9836533689,0.48561871939649603,5746.7400751018495,0.95,7135.594566954451,0.9783512586669091,8.137496683981219,12.672737713534106
2652537.2483847057,1.2856582152535625,15308.83587746447,0.85,4812.528769379271,0.9593960891281498,58.86474730940187,4.430392129546431
2056140.566229348,0.5101024145096569,15886.621220944846,0.7,7680.464288435442,0.44941628959007074,2386.3435611840014,24.88888500943532
1983784.221578697,1.3046751560068515,16904.974171198668,0.95,5270.222878707226,0.6770370303143065,1188.6896755386967,6.528291740997909
2391066.9349043067,1.0014749347841228,5750.148752095636,0.85,6958.876861128935,0.4632630477752914,1168.0103891414728,12.421779341606959
660725.5219958496,1.7009682861931785,8203.197230066562,0.95,5828.1253756570895,0.4536905570323866,604.1585257764167,6.045543031472921
874128.4991980656,1.175505022196548,4957.123170583679,0.7,7704.734850523728,0.5372278144733549,148.5678098275236,15.018184678760592
361735.1150673974,1.245373451136826,7440.527427062692,0.7,4784.750496316895,0.8920999746034627,238.64692056311992,5.2239204388625975
2230744.126393843,0.6844751844344239,2405.3851724819046,0.7,7719.056946776758,0.5170955312307113,495.2348862814993,24.912069898513153
2243594.9468663046,1.309372008876247,12249.547855380493,0.85,6895.40399143038,0.8646536984583745,502.5281063121302,5.706025930972028
778708.5224434588,0.9524785705261102,7484.872034729015,0.85,7439.340024070498,0.8013008066425401,975.7918293158708,10.975957677822867
817039.1749760455,1.2515079012040364,3304.9350660238474,0.85,4488.789122691414,0.35121865111761436,329.9833019468461,8.86538831853628
2620961.350129406,1.011937951091094,1724.3578961535768,0.85,6750.555300910518,0.7721345522999941,146.6040814885193,10.52071852062902
705971.1536743364,1.4305535747553386,5353.748132182589,0.7,3349.83195128858,0.7678266652876663,822.5294462879149,3.6472028667344447
1823098.4278795517,0.6343885284820366,13654.96833462531,0.95,4386.949259503354,0.546520151979124,1752.3433870406582,12.497973881057383
1462307.8233120602,0.7274594407042434,7969.182723420435,0.95,2579.5526303108504,0.9932477572897122,663.3484102087683,3.0566829389371106
1000850.0720693364,1.7257202417297193,19597.51817186509,0.85,3158.2046222813115,0.48518184537420894,3657.3672376037825,6.287387867729569
273901.5809186037,1.3019984453943823,9246.176628199917,0.85,5783.283880473044,0.39354240428773624,872.8828520980103,11.162886439601369
2096478.637674858,0.5468674893193063,12242.79357007444,0.7,6772.8217540774285,0.51005290774441,500.97086530714694,24.98235165118203
154215.96188844566,1.4993037423124274,9896.176522304317,0.95,4471.7809498696,0.42337300956725127,223.61689501557677,6.0574265893169
154603.24449936982,0.8577595761404077,14432.281155038992,0.95,3221.9041430109887,0.815188301053994,1494.2954371661763,24.714564765686003
2197465.3816838088,1.4385186988569698,10233.926005470608,0.85,7946.324256204194,0.4318116911620018,507.0218286144059,12.06411253994813
1038725.6855196308,1.488193252974959,12862.825321672388,0.7,2546.776017808359,0.4606053052432785,1621.3021300061403,3.497978618679927
1271047.935458623,1.4940878762665366,16615.2274541318,0.95,3809.1724777667046,0.4579531173383595,902.8938582449456,5.165765322508058
2403879.496227248,1.7775417522719308,11388.342108433415,0.95,2934.8694430498426,0.9795254693191204,1467.6559180165652,1.4526648421111057
1808087.2829597709,0.5777977589707574,19173.88208781068,0.95,6496.493207321431,0.7504350628710521,3734.629648169413,20.24959628200327
1798253.5572514343,1.0422663736247697,12085.170729783658,0.95,3246.0978691966247,0.4654866452921649,2335.963133078034,6.220208743335344
2647266.363558781,1.5433744801663165,19845.88556745855,0.85,7794.231956831977,0.5536051748272355,3346.235933674569,10.878922354167909
2645224.4528399627,1.619975714955959,14482.524562847946,0.85,7762.910278018375,0.9677209006670561,1979.7505363634746,5.886140158610901
563846.9701789448,1.356933242997715,3745.1414731251116,0.85,3310.4979658861016,0.8562140252822921,139.87493226939128,2.273546931306039
1812558.9101369642,1.1432994454902459,3847.860495132209,0.95,7351.577294672204,0.5145901680171461,467.37588187160696,13.279674958087108
1248331.6363248983,0.9351042063398097,13037.382781050985,0.7,7311.151302864973,0.8530992343615219,2169.3669464221616,15.0326920149037
1921247.537693701,0.38577934657774454,10094.096821986415,0.85,3341.2890154395527,0.7390319125430298,926.4008700680921,10.004780959488519
754728.3031916762,0.7890450236422737,6524.845462828365,0.7,3537.9148893912884,0.8595308496301438,284.1204884006634,5.6609603042481895
1527127.1635053107,1.2499343563074894,8231.00869171416,0.95,4872.173821159859,0.6979757439713176,527.0497286028886,4.808704656885237
1435905.597259807,1.4356606426799914,19263.58706572193,0.7,4428.299172403311,0.5328148492245263,2303.1353142242638,9.956770222126437
458059.74967168877,0.5199190081101677,1565.2651280676728,0.85,6707.598994125861,0.8019944361812517,75.62494321002823,24.297246528476116
1450488.138036238,0.8896182398656083,13528.675493567125,0.7,2513.4160422289706,0.508449833599872,774.0023344513028,8.046572628812669
1626322.5888526994,1.6056477915470984,7925.584363973524,0.85,7050.904400833782,0.5437773666192097,1059.8731258126172,7.2635207192703914
2488410.3944833046,1.215488405903516,15021.899109595472,0.85,7872.189557990597,0.601274786930255,2241.751984388731,10.586513752639533
2920276.547600729,1.2813036860306433,17498.44289324145,0.95,3853.31339267754,0.3693161886816816,1631.0709616795345,7.2604143015192415
2674706.4141718075,0.7838836458724019,19489.48728774974,0.95,6078.492896450199,0.812221744529674,2710.703746658675,8.995146833673896
2489597.501440045,0.38367270497771166,1766.8141880728551,0.7,4350.570787321998,0.6088778290432033,21.676848207086323,24.748890630510765
460965.466542515,0.8790126210953791,12225.192523738011,0.95,2860.4019857064013,0.6156430730847466,2177.4267149671527,6.127266904790912
1927803.334987337,1.7926379594475734,858.9750836170859,0.95,7091.618218789592,0.9458552539952773,125.95763236802789,4.317674501944396
687902.9829434723,0.8164474678460354,13346.353453127364,0.95,6577.243148132544,0.8820363036654,539.516733628809,9.66168345063489
324577.62599006033,0.7361351707005899,16435.41125958747,0.7,5396.506304654602,0.7804059135730568,991.8258623241886,20.30804854446779
2911841.568058544,0.8055805112810214,10499.869585943643,0.95,6441.536674602146,0.8238959689184764,946.5406332902137,7.208192934297054
1329308.2172842654,1.5761654840634516,3274.449703450668,0.85,5622.155885276907,0.903293850245091,148.79655750034772,3.4826553015636232
881321.5414092998,1.2918725546692156,2054.1275300310335,0.95,4809.009057274386,0.36681056164027376,330.67797488445126,11.17277991523819
2043725.0855039924,0.422273138850085,14418.375748285183,0.7,3811.404527408212,0.5890395153866032,2683.6259838281726,13.73057673738939
367252.7375810714,0.6837216981501133,8268.849985940484,0.95,7262.061081428704,0.7259004937471377,198.90983409725786,20.804938354522292
123066.54814842362,0.5822573629167876,18071.640568076305,0.95,7986.487315221478,0.6719905474641429,1852.108312406714,24.82471427502147
2250843.445728275,1.2317596041195533,15133.57249195942,0.85,5052.363164460496,0.6881157385673307,1589.9357116657904,7.290240410261022
2889020.6567259612,0.9980692573196704,7175.128746609671,0.85,2660.581328009195,0.7567920449491499,213.43180061347752,4.119549122088259
2244668.55027658,1.7730233095574226,19857.79150452065,0.95,3392.0107806282394,0.5630787379512681,3913.766942715243,2.88369078354253
244468.0975961879,1.4993677796399139,12023.73012071505,0.7,7501.362790171464,0.5483299910111704,96.30044732714448,12.853491163568254
1153310.348952939,1.2110189994619,9522.740773263646,0.7,5932.4288159113785,0.507092736440113,2160.428456617894,16.21956170052538
1318155.1161535892,1.7779932686559947,2438.4423914436074,0.85,6380.810942038997,0.4480157858121113,489.6683917315429,7.5428943111738125
1882977.8999792463,1.2212702876938109,1091.1066704825976,0.7,2755.2195845603883,0.9518109924366901,141.39797941809587,2.9629510266338617
1243292.402541928,0.46531951859716636,8223.765400969283,0.7,7264.053846145599,0.40359608638212824,1746.4413249756826,24.744344419340106
772368.4014320015,1.176478165812552,464.76823578671787,0.7,7140.927462023433,0.5726605578706858,70.33347845034268,15.809616164619229
1043908.8358740776,1.476161188941167,2090.981788497452,0.85,6571.984997879832,0.43816714963931047,255.93394273716612,15.580130224790569
1166396.0290690623,1.2386343553626198,13202.276983910911,0.95,4814.027559782845,0.7260642441457312,1933.8059488652889,6.372282896042409
2508805.2606668696,1.3626823137553998,650.2809760956242,0.7,6771.817403461766,0.5755625379038505,13.530524243397515,9.864520861953855
1368573.3068630022,1.2644072712490309,10352.71988846148,0.95,3944.1224185734604,0.8807880804792556,793.0754121248963,3.085918555636372
2996323.727033928,0.6032820745911445,6844.042408022214,0.7,3446.342036294423,0.6222694062471228,332.73333820771546,7.8747776382869
1907023.7969960507,1.575032244564404,11146.43222968592,0.95,6577.452998714187,0.7172711493155594,1171.0669213300102,4.90312639331865
1850958.7203371818,1.0604718153357875,2707.894807438624,0.95,6360.60833759241,0.5724614768827774,514.3026483777574,9.553866508109769
2928760.550049586,0.4299277901871241,878.8575342588075,0.85,3618.035724788987,0.8579249685556652,130.8825141904498,11.540199326821188
2327180.009663233,1.1555852930942747,5732.5723304145295,0.85,6649.161058466535,0.46540525898091284,522.5101781558226,11.752631972581824
779803.0927898209,0.8544277398257362,18855.192804763705,0.95,6905.648739970422,0.696208936141747,102.81261626290437,7.950802959793442
513909.50386421534,1.7647328707519576,4865.082645036738,0.95,3607.222517713367,0.7115212793236112,583.949640385884,3.6877407454235955
2276442.0038956283,0.816168840735761,14442.913496569918,0.7,4467.684896551293,0.764966468170583,1156.5138945341212,7.262949571528202
2660197.030612529,1.2060565830352519,1825.9345940328976,0.7,3384.3463236274574,0.42019552452188963,235.09865581930293,7.418738420819251
1732695.6841030777,0.619935577549734,14516.599822079237,0.95,5751.60006500792,0.5126862855364979,522.8351372720255,18.862406957875404
1901218.9835286525,0.39608619410793455,10317.788408319888,0.95,2971.894213061628,0.6808251169085281,1053.333449885005,7.406482141331005
1096829.1569757117,1.593283942392493,4869.359293638052,0.95,2987.3659656524806,0.9700586599105392,419.8032086775482,1.5729168286521173
2761598.53448022,0.5168153694011421,12657.608940468126,0.7,3066.987281353653,0.3633499041187388,166.36115859254713,17.725495989332135
1977011.6996769658,1.1572204159554715,5066.0968332166,0.7,2916.273085229414,0.4282674983215919,444.0276355462734,7.841564312356437
267070.8027081812,1.3840280573662382,1457.93230445199,0.7,3734.9194986233388,0.8762974000753471,35.544285042145596,5.119393319457507
1930065.0384092962,1.065292703400146,9797.639242409852,0.95,4402.545548500595,0.7016133535553526,907.8037399582903,6.4689664701279925
2945047.135133678,0.8812888988972155,18871.8095543365,0.95,6322.0894862451405,0.5023718962626124,417.17739143281483,11.268704385202343
2851691.1884545176,1.4276053170529854,15737.361347585651,0.95,3736.0559225011316,0.9670235258003812,61.168718189499614,2.95226461832618
921410.1874935271,1.3999509208372896,3091.4261686629225,0.7,7421.254081031842,0.9112692369455826,376.6470642436178,7.566076175489548
2036591.8854807322,1.5924140341998667,16431.398254652424,0.95,2764.510621903637,0.6073253253012403,4023.8414815800643,3.4757970125256707
2618749.095948613,0.7543763254637088,19339.637580069328,0.85,7603.431265978941,0.6113504753558917,100.18533567080924,19.35184420340041
905221.8359352926,0.5542917495648761,308.67024346488995,0.85,7247.64056689818,0.44895684687772064,19.08960403163474,24.89919746071508
501819.5884772283,0.6694081536974154,1483.1924384264464,0.7,3134.070664144892,0.5318614275902137,323.2778231044118,8.513040684764936
2585517.197488028,1.5078523319753638,234.14795627511657,0.85,3955.391168435744,0.9000274277860536,37.336923577454755,3.5244922707976447
789569.2160029318,1.230408120425928,18809.620452915246,0.85,4141.419866673199,0.9956666459491882,1537.127650032688,6.411075166116998
1182056.7363766807,1.18548649741168,12939.037910058127,0.7,6860.129555154161,0.9312511790985026,2053.195839081027,11.657501970867274
2261221.654629089,1.1106696585375029,1714.5106179687464,0.7,3845.780811401267,0.37449830221478253,243.98741391693287,12.506530504640885
1153084.8737616907,1.429347086749123,14488.423684854411,0.85,6777.211289274078,0.42683732409894454,483.58285827561195,9.861383449060593
1933412.8219522582,0.6609517916426364,7636.155522952799,0.85,3689.863455746394,0.5039192732544946,330.58800585828203,13.238027911110732
1240793.3723825444,0.4204362698532935,12229.327177092395,0.95,6522.356523040699,0.9145251052751331,1870.1568352511183,24.699520247411595
2902458.3694983562,0.6029974653841055,728.1055929959545,0.7,2529.2764012223115,0.9247646875589955,127.10531681950613,6.488016154274894
2392755.8284368915,0.6754830746747178,14256.033444099481,0.7,7172.540302420006,0.4607571031028358,1961.9180055666054,24.79225253180114
1681607.9005666142,1.5604772972586582,7918.429039549383,0.7,4581.59704358061,0.5151549759759606,664.6000227656403,8.668652563642564
1525963.0220694612,0.5720484363974138,10111.963650249727,0.95,7592.221522314783,0.6252946266810471,1779.7467230405794,23.357614271350315
1105149.903462216,1.551184180604265,17266.73965704202,0.95,3464.0695873837917,0.504369399536465,2085.259033943451,3.600060354596505
2749634.8252316453,1.1833706480626411,10175.295532753471,0.95,7437.142157387576,0.886349750521348,1938.6913984108655,8.608371378068128
1817525.4524878666,1.3773865803272791,11039.078300600051,0.95,6832.313962164079,0.9083437883397999,999.7529983615052,5.910413993058909
368479.890734962,1.6423664715468673,4252.5972573417475,0.85,5771.4269276549385,0.4122130129753192,715.58355711387,9.117188543629641
654513.4132772235,1.6226682945287885,5969.321194345032,0.85,4065.061494993193,0.8488462551078833,52.98882645994091,3.0588886789804692
761160.5459644012,1.2660274025116331,11067.585133984288,0.7,7968.889964668693,0.6662063259138433,720.3517385971205,14.359655680910718
472127.15184862324,1.765908427528092,506.7444272049354,0.95,2555.4011964956935,0.7532446270754314,44.32172128411321,1.0657608081680774
2142984.8467279132,1.568661703240605,2284.6458181463227,0.7,4045.7607791297523,0.9909333413191994,194.3167184894546,2.827704610918938
1072752.4972401438,0.8857877039717833,2972.073041815748,0.95,4457.713244861515,0.551075770185328,26.59931974779549,7.646901681189204
513552.09933390486,0.9238932948627564,19591.053159221563,0.95,4253.806688826329,0.680968808860249,710.5993389865118,5.996575515089676
551190.7781390317,0.762887898508996,6374.076211507308,0.95,7980.39244810323,0.43398485201183024,1037.1883743060393,16.571622524101766
2998425.025699733,1.7157401033506567,17952.52086466594,0.7,5375.352322327728,0.35970901374835107,1331.8912777307855,10.192920706013524
2131054.224063401,0.3518469320637912,660.9337333486095,0.85,6296.651119076059,0.8956561169879731,76.58843626408976,17.115760902912054
257474.85070946143,1.1797949039980808,18501.108577686507,0.95,7780.5534631471355,0.41866197619670575,2556.5000724624774,24.895615316927493
2168357.3858409454,1.3849463645118196,10405.617537040118,0.85,3740.0720070347106,0.972215781498863,1754.646747092046,3.539428841678509
492373.00051880453,1.2692747616638727,17400.374924225638,0.95,2699.126474008416,0.4406794855890593,1336.8427753738667,4.235715683615169
2844449.665480891,1.5979071434256849,7317.910879158064,0.85,4552.970796913871,0.5619845927062526,619.8320666632679,5.128158390278999
712235.110181163,0.4811646944084633,2708.6487083654793,0.85,4161.161876463531,0.967593525635611,207.2001931985408,9.654559850527479
2219753.117667115,1.3379445411578863,7371.280949629101,0.95,2754.6233886975633,0.8865053740326616,822.4071379346967,2.928758352233562
1454496.353362798,1.6514452357748368,1072.8741996420672,0.95,4432.413391637964,0.6669958428802039,83.43840173421736,3.307816262655796
2862715.39794468,1.664010469362578,16562.646824954452,0.85,7410.305528634285,0.6774191524627828,1882.7280955025274,6.297666365028661
1999759.3275380847,1.6159047902229577,12270.305190052813,0.7,2770.4103904656913,0.4077277233091051,580.7539507520954,3.7814900395497673
51326.10191905347,1.6853821218398006,2162.152097050056,0.95,6253.588303773949,0.8758915058180792,219.69439499746218,12.160191295294995
811419.3693788074,0.8698209995361207,383.830831385363,0.85,2515.2266167015205,0.8076186998320267,35.959391142222195,3.272538794809191
2136778.858244102,1.4224053924044404,14542.67446767787,0.85,6559.046627285868,0.39112650847150604,630.0590317274192,11.358727278018032
572543.9716741138,0.8712366081650914,8141.297066642528,0.7,2518.4630263785693,0.5694748132712679,1172.5670030382273,7.160535284755167
2734973.5685032546,0.8079285195683223,13893.35156414549,0.95,4186.047481131246,0.6169893654787719,1148.6152327546788,12.023220400432374
1445733.6355481814,0.7726350206967701,15850.918378271563,0.85,6330.845223145121,0.7424038554537311,3728.223526814984,24.946544041515036
2540338.5267095827,0.9853735734096667,19117.684691998893,0.95,3597.3876150827,0.9287175776007333,1122.787060223888,2.99831238663281
2013893.7106397026,1.4222707100855256,8595.490582101113,0.95,7930.5432363824575,0.7224355009695131,1310.7360761774116,7.41656770879868
128381.1854244598,1.0583701864420203,11534.4163885251,0.85,7994.79733755634,0.9015837081479252,483.28467020626493,24.684097100930277
693282.9836924485,0.35438913531982463,4870.741106372197,0.85,4540.066474596886,0.6021044978391392,680.1036583649266,15.85312222401899
2163859.0159340915,1.469436481851027,19518.852134177858,0.95,2599.970657429284,0.6045336414427074,1705.9298610868775,2.1064327233019258
2240437.2256110907,1.033871238710229,13669.601397021977,0.7,6126.26350327227,0.8111370143440084,2477.1412690324933,14.780254605797024
1519230.2945710903,1.781725531801119,4856.415219808575,0.85,2607.54012244764,0.5089262087795392,532.7690228508375,3.077030972058763
114299.79117555355,1.5346668687675535,15315.845396210012,0.95,5994.571578477683,0.44306718149746566,1432.4858176157284,21.768188434782974
1219686.3478378567,1.65536570467094,16137.94664775266,0.95,7600.82962717386,0.6788725420752392,1056.8869425670575,5.4799732167271005
118056.36279351711,0.5384217762706205,10461.367082663666,0.95,7811.183662930841,0.4043167016319529,968.2416745840126,25.049827745019314
378779.2743578287,1.4878742294687002,8632.005317402112,0.95,5859.588757741153,0.7571600217337491,2214.0313171658822,12.810702136616538
946809.1907939009,0.9025015430032473,19788.9139303576,0.95,5496.291308013512,0.9010979697580667,767.8372334654308,4.711446517127323
2351708.780625704,1.114284048830191,3654.9404520767694,0.85,4678.303614730834,0.9825966886257426,117.6343087200839,3.8329806153114676
802834.0242292661,0.6919411583218833,11550.58365531516,0.95,7092.249057879316,0.3934224463380105,2421.0473667785704,24.930618063746227
821236.9615894286,1.2709763715100788,2747.135195332795,0.7,2881.735795636235,0.763640407998129,180.47550747841797,3.0077648015154073
1998470.5861586477,1.468257212398771,7445.397452496212,0.7,3440.7158261188106,0.8538151214832798,715.6498114460038,3.0611487054777213
1251898.3537748735,1.682795466263061,3597.6402266938803,0.95,2838.397970968994,0.7364486214041416,192.56283701516753,1.961112225855567
1974839.5428997483,0.5087128349370516,10283.587088696333,0.95,2859.5293473179136,0.816102690985091,2322.733995737406,5.681058991858292
522809.50982840103,1.4707507676317397,5014.163592784252,0.7,7135.517204995077,0.6061604541585353,595.344803300089,8.705021916547071
1212453.9634102623,0.4559474211431375,16132.417123575458,0.95,4349.4156339364945,0.8761548942065972,2229.6900868113057,15.742931894274856
1567804.4450849781,0.9637936191180707,8133.283619154847,0.7,6998.814511604071,0.8528985852302245,932.9636846594374,13.052032263141934
2067503.752350157,1.2326644678499825,19446.66521315725,0.85,5654.356222779942,0.87514697216033,266.5006061246526,6.518601316491192
2206327.20546666,1.4524578900117904,17514.967419565157,0.95,6853.64923848296,0.42711366099154224,3742.3809033513107,13.36544761473588
1773205.558130843,0.8984649393046483,6179.817957631295,0.95,7777.629921585658,0.6660056855160101,79.49919857013644,12.628132251169546
1841422.0170633977,0.5890717967763498,6101.348944714794,0.7,7944.634319242419,0.7634728916286295,1055.981784552235,25.06891877739504
2932289.7475412427,1.2734403280670668,6560.263544865533,0.7,6989.744423728391,0.5004153657135944,654.935935763488,16.167293126252652
1395207.952865341,1.0431425957784568,2814.2312792247635,0.85,6360.0545159717885,0.8556491965406761,69.63430384195847,10.811852642414253
913854.7953897737,1.4477079288704124,18987.478585886864,0.95,5169.7491810553,0.4131085909305085,2521.71727174208,7.745956965401789
2626183.1250030454,1.04670265935528,19716.105776197677,0.85,7311.4996873854825,0.39503693697561915,3259.807335929181,13.814158135792201
1252698.0157030371,0.5562614187963307,13459.056329245388,0.7,5587.229658747387,0.7077013542747285,1568.9226739483886,25.043563583694404
1547493.0092216637,1.461507930589352,547.8841127033347,0.95,5601.5353962140525,0.5315991708595049,119.32110726732697,5.410703791183289
1581949.925717954,0.40116179915566674,14246.037247485043,0.7,3919.291257845787,0.5848283606833328,3155.359636516498,24.664301140971777
1573656.498724639,1.0703852252822998,16743.432688645677,0.7,4836.3190903966915,0.5533842413518713,1812.7247095163484,8.963489433235333
2706383.9272624836,0.6186669897008331,13786.093776567295,0.85,7028.173684267517,0.5411765012830732,1442.7038606255603,25.100516604230815
491104.67600336217,0.836160379766941,17734.821007245584,0.95,5121.011323775072,0.665106029222621,2093.280119146187,10.795791306718947
139162.89799506165,0.6043481310857848,18767.073097248896,0.95,5376.91806868717,0.44527836688649564,1267.1907571880515,24.80108347692089
230990.72265543195,1.1476227386595843,11772.93042872141,0.7,4100.319497317527,0.498901524700546,142.8372372371707,7.928480429219536
2193670.4770302824,0.7342519374039602,7229.9249119488295,0.7,3073.816622474229,0.6295249372326015,1122.9593015110795,7.304855803870197
973029.4431348486,1.3424235600225964,6726.973135932573,0.7,2931.944042436222,0.8124716016626311,320.5238186907121,4.009330609779912
2134604.8124691425,0.42934389363823655,16025.884949500927,0.85,4989.568929721783,0.744309543186596,1745.9786869911338,14.035876367009157
2299017.5103479205,0.785014215859162,4319.452615485214,0.85,5502.060565680681,0.37160155579695037,218.4035827759711,17.77579342363756
1711629.2891898272,0.687317195412146,10020.89443658201,0.95,6787.0959154482125,0.9070517660711563,593.4689333371178,9.933340345359381
910321.3517886238,0.7007844516384758,17427.23985004427,0.85,5051.154921750315,0.9753774472995305,960.344107146987,10.833544347747678
773727.4715360226,0.4460122134346971,13614.957218436817,0.85,6952.088491722987,0.8117397938787623,2261.0000044108847,24.912062071408634
53062.56365780566,1.1141730794001878,13126.951528390413,0.95,6444.629973556699,0.542168873397535,2727.1251397826086,25.144471145976258
1540752.5018556023,0.9140938763313434,2651.1984941544642,0.7,5896.0544396993355,0.9472121844434197,490.98071979103827,6.945963344851638
1414098.1272317988,0.6549339766901352,7792.129449301,0.7,7660.636203347837,0.8418663274352993,355.77431849183296,18.817632388025533
2891387.7783502135,1.349332491645046,10818.819394003525,0.7,5322.82136958981,0.7418793601766366,804.3802487906927,7.7625023235755926
698653.7785102716,1.120634779705084,11649.154672300307,0.95,4358.102048719253,0.44816664431044373,1449.7235431069562,7.7824855999592275
2159456.992080104,1.1633324216744714,3780.061662187384,0.85,7053.850215677313,0.8465029526674515,355.30688921445585,5.777528701916032
2431758.8750195047,1.2888591118041997,6908.761086935208,0.7,7362.168031559667,0.9044031551626115,199.95917068583447,8.618527868670013
1320857.6341171514,1.705188140015681,19308.923938654185,0.7,3833.7212003639434,0.36327413812728604,1849.4217432525866,7.183475017296519
2737618.6338619757,1.1017796335330639,9223.135725279915,0.7,5540.872751247925,0.9770291505405198,901.7352510738008,5.662481338842662
797682.2554321191,0.543454897106372,7425.367859144747,0.95,4803.45233915851,0.8304359589811696,228.26214546599616,10.495022950452048
704443.8260085601,0.8505190794879304,17990.413950553277,0.7,4873.730406144157,0.601277572113353,257.8750359752337,9.473685307849886
722203.4589642356,1.4418352324363952,13214.651242893498,0.7,3564.1921873585015,0.5523651675372192,812.1788078088102,5.102439923876219
1155201.0633359111,0.412469810327589,16358.023568125162,0.7,2785.3024165680804,0.4518685794651949,641.515666846551,10.682910016226636
1377857.5303869182,0.971533673115206,7363.330146629523,0.95,5359.7779453387375,0.6262928154174227,1181.2945995307768,7.570292617513223
2045285.9779462242,0.4619249568871364,19098.44718108234,0.85,4233.647796955376,0.4948478074169832,2464.8813845083673,15.468144484515502
2592083.932807856,1.6641303593406294,9684.874226614022,0.95,4297.841838966494,0.8161369944408816,935.1151701054536,4.112921234933145
481597.8653526201,0.6839352853006939,15068.031943091148,0.95,3601.9410174342684,0.9388111811243613,2107.7106567191663,15.904080044723226
1785783.326330536,0.36296042583488414,17696.65424705,0.95,6833.490680975535,0.8105641106420525,3280.13773285705,24.653543817408355
720486.7424496023,0.37548222794830627,12458.439741697046,0.7,7255.28838410479,0.6084212858248748,1454.0649003531712,24.78001045517695
1960782.4897034531,1.2356477745862726,530.1069521091255,0.95,3410.646010702233,0.8280592525788797,47.89273061105247,3.5299546828186164
429258.5061206603,1.2434707837094536,15522.024068342696,0.95,4218.228443293364,0.451364875993234,2053.0677002653115,11.136250151984402
1468671.6603273712,0.4899525009469461,5116.025985468516,0.95,6446.710921378206,0.8356020578051928,566.6213485260553,14.086517193083058
2232580.519643096,0.5489085864602166,15894.12296462523,0.95,2932.063485892309,0.7693031872686762,1459.7838500156242,7.536914445903756
758265.8346554604,0.6399785170759923,9588.869723425807,0.7,3761.373456395282,0.6669593131645917,272.1270139868882,14.044496650246767
2066941.0724079204,0.4220185181534023,3873.8866283269367,0.95,4254.946988721138,0.9729645592156747,168.65614922911715,13.98168491860548
1832695.1168109754,1.0774646607295075,1726.5734452358465,0.7,4065.92182016783,0.9555001111616117,150.75453399583046,6.832162281389535
2201380.0705260294,1.6204022559132931,14747.117665270012,0.7,6031.962283562883,0.9919096381726908,34.86995088816946,6.017370126589414
1241010.712999186,1.1999278750894045,11305.410543135047,0.85,3076.3900989744247,0.5766607127827144,1713.1129037697322,4.7824552966981075
1055144.9840322467,1.3534417712110862,1075.7819829526484,0.95,7064.882493392231,0.744964181678294,70.98940228331723,10.573660513140078
691847.3761372283,1.23856822825907,3787.8763218000804,0.95,3576.4023335413012,0.6857721303445027,42.99719164897118,5.4324037837302335
1414453.032140502,0.5783944266418762,10471.357414284093,0.95,7575.024255235383,0.41967123131292855,304.6349418297715,17.080894977363233
1912974.4120431256,1.5287727797092274,3579.728230071542,0.7,3208.6047566232396,0.3907496199240874,149.30044023043547,7.142177382242197
1623801.9156021636,0.8337821909163385,5183.672103125251,0.85,3271.1366721916925,0.4593837653963751,819.2867889689137,7.344989576133686
2163244.185926275,0.5655161097637944,19562.960576908987,0.7,5649.969727487069,0.4622424215763334,546.1101068302092,24.863697483833448
2467935.9494507294,1.155310064790509,18953.392590151914,0.7,6622.174547476304,0.68088798222806,201.28485432902295,11.326925765738492
2512617.0241759135,0.5803201615575816,1668.1424377276855,0.7,3227.151353449779,0.8186853396982179,246.51632007546866,9.812806398735237
857766.5953831716,0.7382979933403226,1201.7892768426511,0.7,4045.9126366220958,0.8624649546044423,27.877472085342287,6.026353238107894
707741.8367344266,0.42721346928605086,17983.337758072346,0.7,5210.081907583775,0.7742840319562907,2575.653057680799,25.045990076467874
1057046.9946998754,0.4063875850106861,1817.8034597148835,0.95,2796.5515055482906,0.4493670483915076,279.5851168229716,12.176268361680155
1581797.3228692932,1.7343477755112433,17438.18480750486,0.85,6551.5783863516135,0.3673826157336212,1657.2708473819464,11.919020809916347
1580607.1903940525,1.1039578192948976,9510.684226441275,0.95,5871.21897455734,0.5461138998501063,939.4058817558712,9.461552811829183
833298.6611860344,0.8621785529861515,19723.98894783895,0.85,3765.73693561045,0.6130937777370568,3764.75280221044,22.92567702304672
1826805.8666146193,1.1876226602263789,1183.8031197098862,0.85,2827.230045025304,0.41861736629729135,15.407405550829642,3.850696079136863
2548407.1345072906,0.8766681159447135,13977.243490795845,0.7,4409.647391889483,0.7742830098646143,393.9855165779796,7.04907231199876
2172960.9657925554,1.2098407538255944,17007.57018497536,0.85,5491.283844351839,0.4731404589094604,3360.5507851703005,9.085335482297925
1001449.6796962833,1.6578339724061348,16159.807262701259,0.7,4337.874119696402,0.7818497770749486,2723.1542288412493,6.249384475797705
690359.3755928174,0.5133448666375786,4342.26192576288,0.95,4825.18750762593,0.9356767462468076,71.09204372631231,9.917949831288439
426302.091834031,0.730552618860035,19873.07993629716,0.85,3056.282032824901,0.6055339019032961,3470.4011613685893,12.99818643915318
1044208.6186666869,0.5625324819288864,5876.515530922555,0.95,3815.624303128142,0.574561790709143,317.11094745400624,10.752209387843488
2049631.0699995225,1.0953426961193347,4723.259420594228,0.7,5178.588797029372,0.8526883919036184,680.3284909284923,10.162225328440657
585259.1682002646,1.1952698577037637,7123.674056052593,0.95,4364.097646640437,0.6242565531343429,719.396258194737,5.222178986622003
2982641.004169325,1.4694627726074239,8461.578382989288,0.95,4632.911191498151,0.7760150697299674,913.0518371994922,3.9926269016033467
65517.363687012476,0.6627808858951837,6069.464978232242,0.95,7699.669784381139,0.5868287219987918,331.738040660256,21.11833035552648
1808345.0826463923,1.301399249489901,4213.56639423241,0.95,3599.7995410577273,0.5494170996880469,827.1971263505293,3.8543652943570668
1534525.1073687526,0.521450509063572,8650.530814706908,0.7,5362.011733719548,0.6506982951256375,1017.7638914618827,18.341359096642382
2170731.6514622965,1.1872163589098825,19671.760723436764,0.95,5513.344082321402,0.5499845711182254,3895.472718657721,8.791038977427332
2894885.3108186326,0.5213314699171734,16761.80303298254,0.95,7495.859842849963,0.8757467417797946,1301.917010519542,14.04917406943568
902574.4233340087,0.5713876560863798,6337.995043455804,0.85,7229.197053362463,0.7541132426986372,1007.9933926863525,20.373305845206964
1447575.103322106,0.45045164058151455,3135.195103681141,0.7,7644.56215126074,0.7335946352424035,367.2786409161678,24.876948951588535
125174.66246560604,0.3522780236864685,7041.1378366027575,0.7,7717.322645625992,0.6945422890878676,660.3394170587163,25.062694641377426
2162806.673332679,1.2569682338491384,13115.359529484003,0.85,3467.7122789815485,0.8290359656172447,1533.8375225324962,3.1949172273039874
2038802.1611666544,1.3266307143402754,12294.00244565582,0.95,3587.991777786484,0.9767717121169369,577.7070824094961,2.4219419914995135
1387398.1679646475,1.491447246224595,6637.666321255999,0.85,6814.412966562514,0.8021018786814317,223.5959091183742,8.895903994626165
1351572.8026655375,0.737062293220065,17250.026448574245,0.7,7577.102104996865,0.36026193774366577,2727.872134050027,25.030538951182596
569272.8611722,0.43435747240083944,2698.4882704729466,0.85,3882.926098605624,0.9300704079138856,532.5615445055702,10.43194555564513
1129855.6914113453,1.1906860839348976,7159.153895187926,0.7,3445.071265005098,0.3751511460657007,57.12656032547658,7.85851094621549
1879616.8412413457,1.207876339140658,16655.582455360603,0.7,5757.467890365486,0.5543500174523743,632.8138073548911,18.453251109829072
533129.5434456484,0.8467850526847587,5264.819523942345,0.7,7735.275648995985,0.6251333706327519,500.4005678985496,15.307597611695025
2686085.0150136244,1.5844262839887593,18416.463171499185,0.85,3979.3626239052373,0.8806534450564207,2570.7058920142113,2.624664302147226
612729.8788075795,0.8561246310684834,7966.629117352917,0.85,6439.363866456173,0.8625374526287185,2084.7199495390255,16.75237748488644
2183704.59832616,1.132940017270733,9208.441654021679,0.7,3819.268932808536,0.4702319863939811,831.9719647113203,7.813743505977279
2976988.6464593094,1.5752262070373084,13268.861011038796,0.85,3205.0488486516424,0.4850368121128618,1523.9191061116894,5.273678639537435
1578926.0389458037,0.831753158182207,15539.084924680219,0.7,3745.6601107170072,0.55887098367831,1567.4309642553058,10.9562182383694
1381247.4732195772,0.6341916946036152,3738.8416433133852,0.85,3095.658056229207,0.9597304674470242,773.7915642335272,5.841767032571804
1244315.8748581505,1.5380062693418832,12420.261523840883,0.95,5349.361324698312,0.39878628975221314,896.5674781319806,5.573716606793818
205710.97332000313,1.6458220527713956,1396.4612466255514,0.85,2797.0268310706933,0.9443531766253911,176.23251583489807,1.8786049574306005
2717716.57449558,1.0414383581529032,7025.237443608079,0.85,5313.344506047718,0.7566012286861111,1313.9550544335991,6.827669029586658
255260.31581776653,1.5157444822014021,18472.15353751966,0.95,3166.8736605165304,0.7429080561344417,1627.700597769339,14.970986968913074
1695448.5653900567,0.8694191000758812,18192.3821565165,0.95,4637.47685898416,0.4257245649086688,3018.5949036353213,12.90559358798799
1964589.2458406815,1.37262322211952,3323.182178289397,0.85,2737.196117193658,0.9967097928353557,197.24322105270744,1.582160842888071
2664172.5060954825,1.4619723259221802,12643.828699271766,0.85,3339.165880080124,0.7495044168807646,895.4333626412067,2.9404020925715737
2603491.7338532624,1.2332734185782368,3092.823255119835,0.7,4791.9375161625,0.7457652516020655,224.7459819161743,9.680082566437587
542994.9924931903,1.265666962831991,6272.545119017013,0.85,4600.540611453345,0.39650623157282394,780.3145870473228,5.796419137947322
2008406.629514921,0.4705646459620029,17451.33045098891,0.95,3470.4154147588215,0.8704827839171836,1611.511677961203,6.371005753668299
2579211.729399237,0.5700529193687583,7885.10636527627,0.85,2811.403861313956,0.8519833545471218,1467.4159485696885,5.255302010062234
2543368.014372243,1.3871292200540686,2575.3544551565938,0.95,2623.917443135457,0.46164074788153087,307.37505605761146,2.7841737440047845
2534252.8484687908,0.7684549311724823,11187.898738087428,0.7,7728.429333078495,0.6356136278516177,1191.2145716725752,15.695458273009654
1200510.6781538664,0.36810143687867014,3643.964456706751,0.95,3137.351015471702,0.4386268190429684,280.8691431450361,23.212684421612245
2565691.0975938113,1.4395558821213328,12638.62254214258,0.95,7491.935176357158,0.7616819465548994,1225.9307905569747,5.760312096841307
1517413.6236068332,0.4517911336702478,8682.665740410439,0.85,7920.466256146869,0.818883873138798,578.6665471472633,24.99828033675098
1848185.8773512188,1.0753009153211788,18534.12378269067,0.85,3447.2018106196465,0.9462487286663165,1137.6005638250158,3.024716229823729
2476599.9118261496,1.5973773258618147,11316.316292865107,0.95,6337.261055692023,0.6214926747426797,987.7328945760394,7.906571954912475
970527.9543468745,1.45681176786354,8468.495839549661,0.85,5078.388025719614,0.4813873621183764,1083.7590413162786,11.011091276781906
871189.166586434,0.550237442919589,14763.793012823622,0.85,7689.99271254789,0.6954029933164017,814.7062724204268,24.79183696574496
2323828.2554169605,1.7127415009678186,6916.495080660303,0.85,6314.278946735189,0.4937467207570818,281.8080467709248,12.17194285125877
1390033.5488347968,1.6238780070887593,9084.72072754155,0.7,4570.745283916205,0.8922528701388774,1224.7567669212656,5.146030123737034
2539164.9720124104,1.1230587718788465,9461.742642702433,0.7,7222.912827950452,0.6193665922030307,315.9215393984828,13.73508061735041
843501.5159379743,1.2775190496861124,13872.16003182995,0.95,2980.6322482319597,0.4103839730596811,2340.580521854438,6.616098921351988
1288228.8120755244,0.5716573992560359,3286.1623583972964,0.95,7569.931684085385,0.9181752101920886,121.65426600197317,14.678588867589074
2982918.604997077,0.4252654227094703,10721.306627309157,0.95,5919.428407761725,0.9329725820218338,260.9423876650952,13.812353024164358
586746.1872555339,0.6251561279390726,1734.3057130071106,0.95,7272.576068772374,0.5154129732757169,56.69237232261985,22.759573481100137
2264950.8599346606,1.442005330661516,7254.530482721022,0.85,6700.782292217975,0.39672741664555916,775.7091889846331,9.528100442438294
1219325.1152679238,1.7056459259858938,14581.37391735421,0.85,5402.246852047266,0.7718337413785401,3752.380846064697,7.594537884405949
57712.35319490212,1.2745453260567112,3733.6943147144584,0.7,4136.251098545738,0.35706301569568816,255.49495405755977,11.13820241493178
383817.6267443947,1.7626465225314045,14353.781603420404,0.95,5271.640659520777,0.36182735821135137,1536.7060088358419,11.195638436569432
2017687.3542958968,1.2283071550753522,16239.413088898817,0.7,4032.5669316514095,0.799148102948925,338.66495994574655,5.777087268982242
1090155.901155979,0.5319803635940321,1767.159813597535,0.85,7136.657953145538,0.5372268745031856,14.498644482224547,25.225086196653244
2082489.6673555165,1.2975611799747218,11458.263291890355,0.7,5100.061816973985,0.7699064417452702,2265.9590799090433,8.579216457106657
50368.47428472129,0.7233876325703388,9853.340493692956,0.7,7017.029238160568,0.9473912548221642,371.18284818348536,25.017705825048562
1751916.4133939762,0.41755203314908174,14144.249956929752,0.7,7199.869501239085,0.35289028218556256,933.6954200709191,24.85998094629902
647735.191072772,0.9311311165012385,11118.795301999216,0.85,7662.505717548424,0.7829552106403445,1398.3483260391642,19.888951173621386
1440350.1941249669,0.797888879706574,19078.64758066084,0.95,5481.26083604525,0.7817175279695338,3353.7698593415275,13.460427186773968
290530.921109251,0.9163076228050117,10776.178082370832,0.95,4572.410715732623,0.6786733318173988,488.60458187003127,8.831430813528945
2251118.2507317127,1.7131931897262445,7137.457350186043,0.85,4813.503236919067,0.9935161941800643,633.5046900319846,3.425997719455464
2939007.5150426948,0.7539569697125363,9484.915900270555,0.95,3379.2687513456017,0.742264875655792,947.1025029690958,5.442542371429205
2620212.951422911,1.4853251741078828,7444.380119456747,0.7,6610.075912003196,0.6245289057044598,404.82581944308737,7.9641785267244884
1911479.1635300857,1.6624055659396846,6413.251076427601,0.85,7164.114461304446,0.47704660160178963,437.34629139153014,9.306712721955515
2180392.977186053,1.4781922883890717,15420.476367773697,0.95,7668.343630773828,0.6880296303176971,1176.3322813600425,5.656300907228402
2016312.1199218368,0.36380839595845416,15782.669721191476,0.85,5391.092143712951,0.7201374043754967,956.3407853052014,20.25293749168987
1310054.0813752767,0.5435727077285982,15263.753155264198,0.85,6158.941514894988,0.6569234979574807,1324.3232821134743,13.950620540372455
637842.4173923213,0.9949077092773102,1542.9841171481917,0.95,6333.79576815411,0.929568946215734,32.37543175231496,7.734703436095365
737845.403114774,1.1805808975030192,19592.4907121385,0.7,2692.1935274420084,0.427559306117261,1615.6680067303823,5.428452851901037
909473.5170332523,1.0931128410050897,16174.875889898083,0.95,6304.449618736955,0.8521700936564651,3104.294031262342,18.299096753174883
509409.30074050114,0.8504852177177673,5225.858560018129,0.95,3770.5981813247845,0.6835948166465124,366.62543876748833,6.528533497967556
124191.02821618754,1.7610375023954385,2108.9167004451247,0.85,3186.8803981085753,0.7812784032175177,223.95259508824932,3.445183484783837
976031.0044629679,1.7200852758508907,7005.038859641082,0.7,7355.086211918726,0.4836651257728802,610.4651422088198,12.280699634575845
435843.26341937523,1.1826979977056977,3132.539996390676,0.7,7607.270465521628,0.5019825282697006,565.4491337864908,17.87265243994322
428308.0498101319,0.5058593171908161,6653.942259944401,0.95,3241.6273020652893,0.5252462691256767,401.19523226982477,14.70723721502474
345649.11135053646,1.4160729033913393,11767.066288428157,0.85,5275.329002248111,0.5683331356239771,951.3972062356802,11.050216729002871
621080.9390746063,1.2660144679572782,17512.35780302196,0.95,5572.040356958815,0.956054137768785,3574.996826718438,14.606022704074675
914210.1930459704,1.3895773665424591,13327.67535731002,0.95,2695.8207973577464,0.48439837429165444,618.020932109664,3.496116903812996
1945689.177704668,1.3025351230196769,16802.33209190818,0.85,3380.3266955654753,0.437559961337766,2277.130322669695,7.708301796221752
1528456.4103012953,1.7949746449922452,11419.52500323863,0.7,4763.226762456466,0.49462354098829553,2009.0490694277396,9.916045346867783
480001.44070751464,0.707052667128728,18662.375985070998,0.95,2709.269680045314,0.8605363644079844,2611.5593639146036,10.459696829321434
2059818.3761344883,0.5709495961944976,3603.7921774171487,0.85,7458.305318245056,0.36582459882587653,280.87367111458155,25.180326074714635
2078113.3444617593,0.8120629950988574,17358.7612647454,0.85,7169.78469056524,0.5037787058337765,2737.3815124407797,24.63940410769626
847090.2143427987,1.197824746008746,15849.07363867119,0.7,4425.060402892701,0.8212507888462115,1302.0292178036975,5.482615028128163
1547273.9576523548,0.7643655959042885,5938.456174748486,0.7,3341.3289062926506,0.6774743615069809,254.760533903923,6.686438795775323
338995.6313190098,1.2702895801137948,1399.1694416620119,0.7,2923.4494446633184,0.7083891754001381,126.67231747906987,4.777455693388644
1076645.728314998,1.3312687479948435,9028.573628836191,0.95,7059.5845504269455,0.6588625805503586,553.1716528021319,8.572265108376175
2753048.17169777,0.7858141729334305,5434.846841166369,0.85,4736.079091455745,0.89939278839988,770.765091742123,7.989468454560299
215358.2398777005,0.885774536072989,1426.3922385612896,0.95,7058.834508639179,0.3721480488710116,16.96230200834735,19.21792111408237
1213606.0792574047,1.3544529954861253,18245.337636085816,0.85,2688.0034352165626,0.49180874306011385,2435.5892636920635,3.5637577602595942
2527154.3668035027,1.1394761807107974,7835.379650223885,0.95,6826.600435318823,0.6265232784492989,1144.5053051713653,9.931588432193788
819024.0274916039,0.686331559871711,3702.3678769570574,0.7,6291.943178694734,0.6025941210482786,55.103802969215465,24.718632382588428
1445015.476466139,0.7046383167013934,7123.614616370731,0.85,4430.986558937671,0.4334499109430282,1525.115660508341,12.806834445654227
368214.194298573,1.3950719989884464,19237.070448772058,0.95,6782.847822762809,0.7470407365412002,1370.3894390182331,18.765112841760665
125879.7557698587,1.1710643321254763,8144.542512502527,0.95,4174.79513573627,0.7343756749569927,1248.2571506799275,24.92189995530862
479914.90779031767,1.1511606016362428,5015.337837462885,0.85,2590.484367624839,0.6696018612972017,596.3139536617028,3.780780618630511
2199845.310317923,0.8669419627400696,2790.725883864653,0.7,7054.258180805766,0.7987286163827995,448.99755994595694,20.59819884394166
153561.00147729102,0.5930726142823226,8349.641035295168,0.7,6448.522088592245,0.8343707403462648,62.482025673477885,20.68843985334555
359018.4798908275,1.5618025889537783,10964.807047947063,0.95,5459.001657218824,0.4699145747413205,1885.673158369846,14.842280752832906
416772.63858569047,1.2983222123192497,16021.888641499163,0.7,4398.743186192216,0.4256131651270306,19.846229720807468,7.095445145658284
2262945.97861611,0.935560011951178,719.0279428517479,0.85,3331.781021173091,0.5114054634691482,67.812780721129,4.834053598646914
2666290.9083797107,0.3998405606181972,651.6691318137619,0.7,3631.8743786076216,0.4495885719511805,108.97991414874045,24.901524962555534
2557314.4595147464,1.0316447556731427,2756.6488584597314,0.95,5251.6283082797045,0.5024914944234459,109.52568811522083,10.571235880928908
329321.8869692676,0.46059247194538755,15112.734031185842,0.95,4051.897305033991,0.4690287328614311,1604.3624009686255,24.910023838751005
50583.53308879508,1.1237773797164536,5337.617302397398,0.7,4811.675849333444,0.9297675794373209,779.3437911282664,25.108761667472333
2812416.232671577,1.1916155166652784,12312.807488568062,0.85,5342.407701385842,0.7839890206748377,391.83411999089765,5.098778053206197
1398189.670064496,1.1495902508148987,13518.328725511297,0.85,6619.108510495245,0.421754301929282,300.58993305475764,12.339900079508222
2766165.7480523214,1.746796691554164,4731.098550800058,0.85,7342.489833778616,0.8449986673453351,767.1572592444138,7.400948226550386
2697330.5372834182,0.8737362407248509,3472.2634783964027,0.7,4363.982608292547,0.6818761900448819,759.9425301956476,9.901141517530816
1878707.1535721489,1.7245590810794371,10689.946048117998,0.95,7872.937480334216,0.7167910302330287,1530.8083756979918,4.350959843305638
1725096.1587088497,1.7995524492368244,15393.132203652325,0.85,6102.188063049873,0.3571712039362274,2782.569612004375,7.8693827753812915
2677550.289411671,1.249253691053043,4274.130260904356,0.85,7688.981375434598,0.4484277986318023,155.46444879402446,12.54855755642534
1030715.6967512904,1.4525330232037335,1010.6983716031554,0.95,2622.755771338465,0.9894195199373303,43.04966292015553,2.232283817565789
1396084.5592163375,0.8123061448987007,9829.226715344459,0.95,4590.835343024459,0.9133717098137569,210.00547192312868,8.222944326738558
2493288.2237846185,1.4855623891536585,12371.18882946374,0.7,6561.646659621683,0.8260229692632477,175.68043669260285,10.32901781892254
120328.03469918325,0.7852991220029393,19405.956883559964,0.7,4584.121999654259,0.6122421601398504,1635.215606726104,25.102237880355915
2727089.242245886,0.6482825625318436,14904.373924883588,0.95,7254.021432101614,0.643042649881904,1397.0528417454816,17.155929201639584
2390405.589469953,1.6103562396170839,15511.9785261939,0.7,3082.586944228419,0.9448012021994012,862.2225239695314,2.9400272848676674
271474.7767858511,1.0587000707428387,3650.346370767236,0.95,3139.1731046818873,0.8725278388481538,229.09646900946447,3.1735073094758808
1633086.4474058936,0.9091800470884468,15845.91089147893,0.85,7947.450900721652,0.643636783474352,1025.7350792133495,10.337570555114452
2057290.4677314744,1.5519399896391346,10070.936219213843,0.85,4157.667059746574,0.4267214110795665,2421.7951502085966,6.67276798889104
2660319.0132141993,0.4400113581683667,8387.882374480885,0.95,5974.465805238269,0.6974941736249479,114.37652081303142,17.12729867013532
2048891.5056792547,0.46130946563460484,4332.0438126802155,0.95,3309.722204093133,0.7730559761378497,536.8138763460541,7.809937260945521
2851154.350148312,0.8573270340376984,3429.4744163884284,0.7,3952.4620235851216,0.6062596672823954,543.4230207217568,7.174127989505826
1233948.1133279554,1.2483495860635612,8760.994324873534,0.95,4843.653400397981,0.8095214738795803,185.49659936783388,5.732879278889764
851675.9188152261,1.5368444198538582,7496.390572930453,0.95,4528.634259536417,0.6816727535130562,624.2050023415454,4.061981578926014
1647150.1301907501,0.6743802004476576,5380.99334857098,0.7,6547.58359079944,0.7437782109786171,376.0393867666903,12.924790354239901
2712464.830713017,0.731363973576846,18049.2174504646,0.95,3097.820443224145,0.45715368631474657,1397.9207418049396,9.758781143238885
2372960.439379143,0.43804376801322753,19361.927783390798,0.7,3151.4149690633553,0.995353383118819,1694.97909993353,8.607027031890148
1295443.3236990129,0.5579035385161303,7856.5511609683945,0.7,7290.766432752325,0.39072213768647246,1702.4369973687935,25.079417373437444
1144591.5621740376,0.7498272980877463,13254.948688395127,0.95,5373.782304319944,0.6569789373154983,210.64705350106743,9.267166054789824
1427632.5461628742,0.8200117208869726,16514.395839750123,0.85,4388.54027723803,0.75164462094672,2431.5021422460636,10.449175484645734
931470.40891247,1.6839628799093131,9836.10841371553,0.95,6327.179117503289,0.4343322933810864,1803.5902215477909,7.747182904092101
188313.17340708582,1.2410692143326116,14392.197837073203,0.85,4182.666183951602,0.6470453469423127,14.143427090866473,4.900041990102314
2571984.0139012034,0.5547166213364119,2787.2438833695196,0.95,4734.97801210551,0.4995002447134116,101.22303710754359,11.406882482201022
1176262.486760717,0.833400962066232,3872.3610218676313,0.7,7746.6970894594215,0.745249631471451,317.67856156972147,17.72759886400718
2784562.671870384,1.2563534006003998,14280.941938576865,0.85,7589.833998198397,0.4772947205589704,438.4906552160598,13.8383614533129
132350.85795960302,1.3972078394156617,6644.396008064106,0.7,3426.949711831494,0.5602388638818421,291.8219993897975,7.618260064821822
522583.1545142505,0.8530805800725334,5016.6340469931365,0.95,7288.096374434061,0.41193339514464733,104.39702175305574,14.4192080595281
1821371.4886158865,1.7707884038132424,7839.547816054756,0.95,6067.548010274637,0.7669081366217965,1195.94745951285,4.59915013494207
2977566.3383112918,1.0160644304971864,13477.76946070502,0.7,7477.978683184161,0.6238742365276041,3176.6229304610797,16.72577333866159
1653777.556532924,1.2175624514410246,12671.356862088396,0.95,6421.900862587972,0.9189809803973611,2395.4827422631006,7.869459349264836
897884.5892638414,1.6053952771677968,18800.38359783967,0.85,3559.5419001251585,0.6465081895256883,1595.8190374348462,3.8194101922263597
1087039.08527017,1.7292059039600192,8025.853042257591,0.85,5833.728179858591,0.9195441803964198,1153.1871706689772,3.807533241742725
81140.9752780782,1.5672371556476339,14122.95719238997,0.7,3798.706617363744,0.7584597158579718,152.52862550082142,4.597392790185042
559422.5668039665,1.2286042945240383,6471.215452919089,0.85,6743.429397222121,0.7115384934975075,100.38034751750568,6.836460850563169
2093512.5602621918,1.3207376530800414,10419.717362337595,0.7,5259.763261687747,0.5206383918685314,1191.2582628648704,9.018542818735051
1993076.7643070142,0.9477610609902248,378.8563665413843,0.7,3772.0210472637305,0.6277254498199034,48.485678512857895,7.850439479068246
1814519.2602784089,1.3942606795504866,12297.162818443227,0.85,3153.901974686712,0.48529106718950965,452.6271232731542,5.443443378012223
2743432.6747337664,0.8090809799243931,10259.639673474861,0.7,7240.343365497572,0.8903192134976476,195.3509337371357,12.952592800608125
1108695.4154997924,0.9666229494551917,17910.177359958954,0.85,5386.723823013646,0.4617606570198143,1458.2184464671461,14.26150896965645
1731338.6082145208,1.7868556987199455,18017.921934346203,0.7,6327.265626383049,0.9473685616204919,915.2345884000806,4.150155351361054
1699258.1445241463,0.8336023045790306,13860.428097762744,0.85,5298.744376047952,0.958752743541262,2160.1050224169553,8.237729895287732
2999155.3415592117,1.2607198123062455,1511.6801872727428,0.85,5593.403826847625,0.9694780950320518,168.642419690952,4.482016251235977
2130987.3002148066,1.2024339966137396,16994.059739017863,0.7,5702.822645724958,0.8457036150891932,1344.5614691498483,5.539173810510186
660605.2030994223,0.4343393652051236,15869.358444968046,0.85,6944.050133774161,0.9660667590154829,2637.0401426413314,17.68200555300565
1199211.2356623132,1.4402249104976677,3307.991720300619,0.95,3629.034024959123,0.664420564145082,627.9618339291324,4.099007101678142
121215.24928853508,0.9752476150807458,3566.0105780551976,0.7,7002.030941478802,0.9634003151552426,567.2743767612221,21.33568410048487
223365.59754477438,1.7976601768164722,16797.620060889734,0.85,6490.953262448096,0.7125758876243273,1285.2928057973127,18.529895160832567
2147778.697414905,1.3318611934900861,4991.387607469562,0.95,2715.542747354622,0.9170033479269856,1254.5437338452634,2.209101065729326
1276507.8295578111,0.8977509082468093,5972.546532908985,0.85,7013.171639857116,0.5124214667021209,783.0416309708672,14.91555729522875
1203564.4466960784,1.3512183922243635,4926.490302652236,0.85,5125.856312309261,0.7962134217268165,605.1328723491821,4.573043193828301
2453899.5179233016,0.7507035298050788,19860.14609989386,0.7,4865.960416810594,0.5472728375729345,1372.1306596635313,18.427306398133304
362267.37184786116,0.571903481301339,4275.308733015866,0.7,6645.825251510096,0.6340097846268662,659.3158261669385,19.959978039995008
1722198.886412937,1.019162626350973,8020.1782415305615,0.7,4453.672606943146,0.7265966132399159,12.489499088058306,7.067380513457754
1516145.3330121783,0.6233184811949374,9993.523743328808,0.95,5658.129546473674,0.7761269508267329,150.28941248464923,9.321129547936128
2723582.6373115545,1.7876166392034745,17287.714672833597,0.95,6728.504568805542,0.599939486841283,218.10076292602824,7.239034668780507
118837.03818189117,1.34111064766036,5609.789688792507,0.95,5118.601876182389,0.6100459342174878,282.62559711873416,6.965457874584794
2874787.534350055,1.578865873159025,11483.23792656362,0.95,5145.862277030741,0.9834081435358769,969.0002090815713,2.8639459974275034
1129312.4115566127,1.6749640335317917,13036.73797972928,0.7,6917.376287123597,0.6399834027368958,2360.437545586156,7.8440924202905125
1519865.6882826353,1.255220263437272,16984.574019492487,0.85,3061.3119538051806,0.7091840189157168,2404.028373787428,4.219589516688255
1495140.3632486525,1.1454240126246402,16383.32952907612,0.7,5035.441560532541,0.6667423728509346,1915.2874850656178,10.345375864141248
2386505.670367604,1.3947662021134617,17914.115635273964,0.85,6776.3905726324665,0.5540164793264329,4212.302427256512,7.677057037929698
2284754.7014697287,1.7501782931854586,1169.740487171807,0.7,3726.751084848488,0.688030656879924,147.58547504327817,3.134384090267335
1311160.4087332739,0.810839910695014,17068.12296435544,0.95,4828.374672728529,0.3593334826284493,921.2121645601821,14.696303619993886
1364960.6072306593,1.720163853078982,11792.008245666495,0.7,5992.680921804691,0.3867998830106473,836.2087165775768,9.239050114695306
1376327.5963999063,1.4213797927940335,4857.738443444016,0.7,2583.34050899503,0.967525484976264,251.35259785765066,2.2838050729621013
2092376.7366887443,1.2499801883556712,16680.108932868905,0.7,7145.758960931305,0.6999348989176872,3206.247370972113,11.68865635121833
1927818.3690944775,0.9707294500244106,9122.58468425148,0.95,6596.066403747828,0.6959885903514063,661.3539732847561,9.579174705724101
2630598.0143167526,0.967351186195663,17697.329697400495,0.95,3250.5372188965184,0.41157271189320194,1837.8440544096527,6.183806697637464
2963714.9422773723,0.9635297040023716,7555.679851708975,0.7,3480.6223522957544,0.6637518179913977,1028.1021937696516,6.422170803792947
2596627.453730711,0.8376997342127944,9301.15079274502,0.95,5997.502726394439,0.46620886286535196,131.32253888065767,22.578551622177386
1316130.743295852,1.5524279330235125,6971.043483291442,0.7,5801.381010597268,0.6311496211991873,732.332553020083,5.581975144184699
2265112.3627491347,1.1809952502507346,2064.6632379534567,0.85,7630.725241837787,0.44444258619126087,172.22296349011708,18.082644249999756
2340378.1440562736,1.6191043789886357,18368.55794839802,0.7,7480.700063654123,0.5726033223745871,3149.8508102754,12.174829127892934
1683918.2505846703,0.9635439070225842,14209.869367523585,0.7,3053.788289154176,0.7668700083815558,812.2661881613681,4.496183381924308
2225766.2534442623,0.6681925656052727,13211.896631131296,0.7,3567.3512731867872,0.4318287718624334,2245.443657562616,12.228671151294344
2106457.7782970234,0.8552626813938239,226.08396322517223,0.95,3016.66018344482,0.4046034091019696,24.27085750791098,6.904350468893698
2829070.212118671,0.6617757286142707,8957.181074581706,0.7,3186.84143494746,0.8047792313903144,344.07092414575845,10.605568545288149
1146404.273520005,1.3763002816575498,4433.720041258338,0.95,6047.448953955474,0.4603346059769245,808.5077415898659,6.878427284057038
287521.6969711925,1.178746071428752,15025.781305683939,0.85,3949.9162863732026,0.7220164314584369,2246.6837330439935,12.98443445418038
640509.9146067457,0.7863994621443744,18733.62185520688,0.95,4294.924249823283,0.4420567294782524,1690.6690476657586,14.74220117502813
2040430.5420791542,1.586597028853677,5621.927533409586,0.95,6222.832180882255,0.880274364540074,365.2562725003983,3.324041303313875
2997412.8387073763,0.7035194952685546,9562.958037460638,0.85,7505.9150055227965,0.9533624334115267,1365.7059426973906,10.44102732497109
2870564.985681873,1.7540660938048616,12987.491009505153,0.7,5538.557867275115,0.7478766547490544,1771.7172720748408,6.325537952839001
1901886.1094300756,1.720858848629312,17700.906298905673,0.85,3698.598381381672,0.4875314105935986,4637.299769280248,4.7667934905621285
2346914.944162141,1.4979413293874706,19549.948604184898,0.7,7340.1091713252,0.7101406376453094,1022.2137246223617,10.247713224555145
1860797.934887624,1.3269953728301203,823.8324047707906,0.85,7117.39498140727,0.5467230694211165,134.80765965301725,8.35271485329496
844128.5556958055,1.7777321520707727,19596.37745828166,0.85,3825.7671491435763,0.6651618492777297,866.0054434801668,3.784042524478628
1987035.0357270855,1.4933828868608123,6280.7586202481225,0.95,6520.331761403222,0.7689030354382937,1002.7381721736824,4.117015253748068
867057.0896687225,1.108093699762661,14891.347927071181,0.7,7282.0263807637375,0.9521227247032231,36.5497863829623,8.381375221108696
1059933.245128253,0.7683751261836924,16385.001135306316,0.7,2747.8929015387225,0.8125949953794229,3290.168341623277,6.825116749959283
2296705.277369812,1.1498754185648794,14307.688084184107,0.7,3668.1495084210433,0.8948873672623517,3000.4135617546885,4.374117326887238
2174641.660440859,1.2955660677783816,14481.51569738474,0.85,3297.869297139442,0.5357770186730261,1911.2083410019334,6.229662526263962
378812.93385875475,1.790547819905453,6778.236189059372,0.95,3883.410328299406,0.6574993264244179,152.8325856355723,4.4490468971993975
1406897.466244745,0.6330168803306011,10876.555211901225,0.85,5033.841334456879,0.40744281616099887,2256.43447882827,12.504692128984214
1212261.1475333364,1.684654507656676,4662.063998773055,0.7,6711.118698020681,0.9457523852110415,950.1069492854913,4.914012402447256
1654375.6481080786,1.7585354426380269,13201.186632882118,0.85,5737.0972976362755,0.47948964281106066,1627.4525123451676,6.369956201901341
595773.1756696632,1.3056776438847777,1102.664996787766,0.85,6578.465914081788,0.5668825042426473,128.3454948113794,10.827777099353467
2850645.6396325463,1.0633449422581247,14952.600529099462,0.85,3697.3514603915455,0.8318494044844471,1852.2510098814835,4.601031651852163
2330665.935415341,1.1400011217187136,18782.981772085055,0.7,4470.031650071083,0.9722664946520024,2687.349418176854,4.556254434373806
2666841.179573933,0.3976776326140128,8571.50892163226,0.7,4576.957477824557,0.7144163622026387,362.77582904559506,24.964472243562724
2140140.5665442515,1.0112298747770967,6128.948322032854,0.7,2971.873277099411,0.5114032926351936,151.82543725915315,5.935951641942904
2598023.4804089223,1.638666168367037,10067.219184127556,0.7,5568.817916285439,0.856746756294117,1852.7892304050963,5.0865046263244285
221115.35122744206,1.3314590045630101,5805.400510762615,0.95,5836.239030760045,0.6862347913089698,19.843935566078326,6.682884106351819
1381654.4985778383,1.4499806996263702,18862.721669912607,0.95,5366.021483426364,0.37896045094616765,365.74382893636465,6.340540088370548
2686466.4214863204,0.9654601825635528,11390.054683954231,0.85,3779.26472679386,0.60806847377325,488.5645411698673,9.732111806576244
161834.99277922837,0.5931195711184925,4349.919503690685,0.7,4922.704726913902,0.43948074577502494,439.3852882049678,15.932006266919092
764528.017641653,1.038387815285252,4908.856414603573,0.95,4197.049817406671,0.44854900495275707,949.5692626352334,8.258637832078659
1750468.0278184437,0.9562019533261514,14027.580887433629,0.7,7577.266329434867,0.4145500206554571,1292.4035677905074,25.08840699244995
2470726.318495071,1.5844843405784568,9258.742661994476,0.7,4466.68966801509,0.8998846880279295,1061.2621308865032,5.516334485210824
317551.57652952,0.8915297997748826,7091.313420326653,0.7,6039.095586202631,0.41696541621337946,41.48450369165456,20.31438980875821
2339438.697673295,0.7103309141875445,16390.68663207936,0.85,5101.066254585029,0.5991407834603318,1327.693686430907,10.592144573093302
638312.2251740556,1.5541335697402738,2085.185144745974,0.85,7461.702478434052,0.6894640179009355,79.1096285710969,5.415235022506937
1352364.8400846305,0.3691062705969972,9837.946408135134,0.85,4864.766969584872,0.8085918249473634,1544.4627731913274,25.09991022854666
743133.5777919715,0.5434591025593152,1292.5213224409354,0.7,7871.807948097973,0.8242688994034534,153.55293005072025,22.338173205485646
312070.2566138815,1.4370413827508255,7367.472134428572,0.7,7411.300734433649,0.366627994735603,654.2865901710986,12.368244816846493
2551698.839837708,1.6700779336506102,3107.4616853429793,0.85,3498.428087753162,0.8506935883165827,54.75967159395055,2.1363410734840063
2429783.739284435,1.0655453228777563,3597.140955888838,0.7,7744.697038204835,0.6370395156239606,336.82485628601296,15.06020828670895
143118.37422487288,0.8534839208330807,17130.35586479274,0.95,7457.202588108805,0.7854127809822055,2950.615521748442,24.864760979170704
575062.7651684586,0.6611439542486783,16951.919865413958,0.95,7280.216990982585,0.6045780042581135,2054.6941056971964,23.54898628056416
1048872.0215848428,1.306054737600416,19602.61562082954,0.95,7165.508781768212,0.6861686441261123,554.8429551674024,6.252366990991021
2929534.9251631424,1.1399254319477932,3693.9844288255017,0.85,6051.812964169752,0.8779148719152542,552.9087729541494,8.651481555732916
1712079.0373526537,1.387603582181581,12596.977327258699,0.85,2996.6513572394783,0.7052857333575236,584.5785791621905,3.903248456472553
995546.9002435718,1.2741349321667075,4412.260114863628,0.85,5654.711265015421,0.8126507137952667,24.861665348571297,6.265979917142582
1972520.6104071117,1.0179270378411325,4911.837595132269,0.7,5053.920884236897,0.4844453612437859,569.3087270749362,15.395698772465723
1284389.1615876048,0.7457717461670005,11462.615811764646,0.95,6894.252502945509,0.7182008793542043,1707.6515143299794,14.171259716737774
1707202.1773472626,1.168359610504801,1312.1143013628605,0.95,3873.7393874497966,0.6179742776680344,239.51516966978406,5.6537424224105415
968890.0548587503,1.7227390854991644,896.4374131408549,0.95,7097.626090247654,0.7397056500574826,50.15819296081173,6.703966109602713
1131467.7179140921,1.0856694213951017,4069.9210247891465,0.7,3567.5811704226453,0.4204439137144949,658.4381777909636,8.887666857765467
175499.5193981708,1.1654864117291648,4642.213761545708,0.95,6912.728133341569,0.7402506505842195,82.54035480130268,10.048302343831624
1012168.9528098543,0.789018721351356,11945.220207419814,0.85,6633.481931304582,0.4111325511420959,466.8896899125628,17.220548434097108
1955315.5142492792,1.596443383074556,6412.200416127011,0.7,6635.99925442822,0.7537525945429779,610.0234535873582,6.305196161849172
1958183.80576353,1.336534851307877,10122.304872132947,0.7,5481.162479814257,0.5536597415452413,1152.312090914166,7.506149389491296
2741894.3964116164,1.3293176179847797,12532.929931614544,0.85,4063.8087121765047,0.8705992417634094,1998.098231733868,2.981421590266641
2274791.8584148656,0.57277751568958,17363.113911499793,0.7,3823.063238820462,0.39608783639913214,1243.8354167855625,13.974666450422657
552652.7411281535,0.3774070585728851,7426.854411953279,0.85,2648.565976180394,0.5570389856550642,1293.7589915502917,13.917699163977757
2930628.1883726236,1.5223965691277797,2650.6103762198354,0.95,7709.209555898869,0.48801136989554,60.39486580819716,10.324524616140355
1560138.5630912872,1.6555486587413295,3930.288661430338,0.85,3579.211641666762,0.9870978515601335,250.54935476659603,2.624501250650492
1932894.5697046588,0.7679113397724915,12038.880857269989,0.95,7265.538918513409,0.8287059689907517,1132.1933755407883,11.81828094058657
1014442.4981483712,0.4606081944196115,18530.888748192374,0.7,4014.5722756820714,0.7252795859127772,35.3349732499431,15.009452836156203
654497.3626060089,1.6544719244321824,11552.938670876067,0.95,3650.518103460199,0.7051870182972251,608.6825829708074,3.100123986761215
1757836.7249368578,1.6465902852404497,14767.448889648105,0.95,4704.669368304854,0.5501612508265996,1980.5035349832024,3.7965438684703727
2433792.7999796467,1.1722431558218664,6085.215380345992,0.95,4139.783225582459,0.3850247493300262,372.18062481794425,7.6044383721625675
858466.7904540724,0.7496482410602499,17995.2859581586,0.95,3081.7415741301406,0.4952068724209516,1947.8533751172008,7.3098561318374315
2783073.675529326,1.5431999690897902,5452.786161245091,0.7,7785.779992922615,0.5402180293305346,194.99187385907334,9.423788769241668
481020.61634886166,1.7219189908415848,14405.444598014286,0.95,6614.239928546485,0.4414268147131537,950.7958073029241,7.697627554014204
1551107.0740836528,0.920732304362454,17632.157342257466,0.7,6469.9758969421655,0.8631895578152374,1533.9974342135981,12.784327944371423
2863455.1795830242,1.2426176342493271,6396.1933765185495,0.7,6351.493100563334,0.9392332997214491,1131.0481226304923,8.42862893355535
669156.3807710909,1.724649999602133,15590.482667207725,0.7,4403.383721183356,0.655197015933118,1767.3313548235708,7.249322680669721
427105.6725674677,0.6112673391347195,4616.405486365046,0.85,6105.15103782503,0.6909268265887089,136.91412189738145,23.277165462036283
421583.14454369113,0.4958958031321064,16553.034066504017,0.85,3150.6452045177552,0.5788072688812106,2932.310157978199,24.779076235229546
944589.791769039,0.8599019916957159,3295.344088232471,0.7,7762.99979332392,0.9975340180363824,65.86798917388913,17.885100145624886
2994538.987018847,0.8933941891911257,3426.3118420199735,0.85,3977.5210706686385,0.7198251614422753,477.87607010054404,7.03436976336462
1348059.8721120146,1.5070895882248516,10284.468371327614,0.85,7744.807028659864,0.4121539065669242,1949.209958799168,21.0287139391281
1550444.2634509162,0.6799624725588803,10910.735550592073,0.95,6914.160678088502,0.7097663952769362,1647.0590610825986,13.94602840727369
1747006.2444108385,1.6068668828936765,5126.211869546051,0.95,7793.768996305899,0.9369211762647706,468.79066562782305,4.242077051027501
790170.559979662,1.730061872287218,5654.144587726827,0.95,6635.188434642102,0.5505343500256196,761.2059761852607,9.181097331843576
2413024.0761216516,1.2563384412305645,2196.9803786954167,0.85,3254.4782429077545,0.6964237563316835,171.73264468808233,5.560213641396552
2016346.3731366524,0.7534821898548694,4478.137382345339,0.95,6257.190785595845,0.7119091656013956,281.73038415590815,10.588885699858182
143518.032729291,1.2355399986809408,15056.242811250566,0.7,3617.194938554253,0.5481400357487443,1617.746060758528,20.642618562031142
1927430.6987685654,1.1102766192934423,2852.562645727477,0.7,7349.494144053134,0.9490751872488686,179.96286765470074,14.91498809945208
2549013.6143193115,0.5586179162613871,10118.852914228228,0.95,5824.64753004895,0.7518372316823225,991.3168078298605,12.539006788122661
2330901.221293987,1.7529202404660325,11774.038423941118,0.7,7473.724527255604,0.46813382502914463,118.63329670620477,12.549375701367007
1629654.3555619817,0.5947917147879574,3469.4098433528147,0.85,2584.948354907211,0.8262336975529165,815.6119162428805,7.383950453882713
802660.4936650188,1.7613873052986864,1901.4576014942438,0.7,3383.7971335454113,0.8619875330970079,212.47732684381614,2.7342458401986893
943933.242226203,1.5501773760153479,12679.456392668504,0.7,5815.224876306444,0.55026113185372,724.1895924495469,7.4771566616876495
2490719.4338442273,1.0508969057022837,13514.99101420508,0.95,7232.7758506553,0.9086004300127494,2302.01206681045,6.4359115796334025
1640727.5433761943,0.5972989610399108,13940.712271324246,0.7,6892.57121844431,0.9761216102140607,222.2524990965048,14.528158445868433
1620105.1109325557,1.3570940215419576,10380.655737769448,0.7,4455.292808922556,0.8608225845678222,1193.5818587600506,5.5890721908545595
930755.9771141192,1.7905751754541184,7839.088605319137,0.85,4625.602054186498,0.3538029798603975,255.13904106012012,9.541761067596012
2548007.1386297746,0.453668981027479,19794.34700059696,0.85,5694.597054650997,0.3626816724680128,1305.4179353441127,25.09310735960796
2365095.5957486997,1.3835285982104555,17793.4690059016,0.7,3540.4780703150154,0.7964310447755544,2032.5259445212305,3.705838447142228
2222709.613410443,1.5205747883951437,16542.622806648993,0.7,2620.312133082909,0.47893724071807575,2193.543349451621,5.170726483992962
125416.72992495047,1.4053094803493202,15477.195113186093,0.85,5343.295788277152,0.5889694078613529,1228.020122975962,21.368798729596104
1829945.2753452575,0.3899880429291548,14740.381561000982,0.95,3219.0390293407554,0.9664146999123114,915.9028705641474,12.680161630793712
614408.0887068296,1.7889919608099705,18862.775858149773,0.7,3930.029595197001,0.6246965326274907,946.8966178634843,3.7172630716029196
1254018.4260712701,1.7584198010286038,13141.109157433624,0.85,3030.7526560258602,0.38232368970851655,3452.915918345425,5.297009731843636
2702061.663578085,1.7869941882364069,12908.500033640788,0.7,2675.9185657885537,0.5373724797781929,350.85748774326254,4.349140137379942
1909307.311151688,0.8451404956078404,13714.218310228438,0.7,6764.802405575615,0.4665734055875999,1847.5577722882754,24.320898226839976
51912.730329243794,1.1736351499412194,3499.87056542537,0.95,4853.554192798465,0.7619301757289056,70.22199634583978,5.988100704073592
55455.898143797014,1.424574323540694,1927.1225158098837,0.85,5898.97412272339,0.9108044321694501,22.945749462821162,4.285525011007461
977537.5837398462,0.35310410923884267,18053.468015981343,0.95,6531.833704526745,0.6129936881169271,801.6787796166374,24.782610642282794
2304851.842207027,1.1760793639434852,3720.9247778947188,0.85,5624.701090218605,0.6265764820352269,349.1688085471143,9.40792723726098
2926584.2921684952,0.8550653342424466,16054.801078242246,0.85,3793.929702598183,0.7504070797928244,1451.589322889687,5.635154201022371
274006.99698679626,1.7707363311746103,862.3280458839691,0.85,3644.5299574301134,0.40522416857204707,39.021811130879,6.80719179114092
368357.94456170313,1.2171800042778511,9740.575269766998,0.7,7760.710678883808,0.8366981425872011,1461.0967327123942,24.896844883962125
772629.7874144714,1.1172634934143213,14341.80794213133,0.85,4438.95846101371,0.8169482477222592,1720.6918532661782,7.110021616339581
2231761.9589439332,1.724552765325825,12962.690668859896,0.7,7969.425419027813,0.9995358406588197,855.3818407290721,8.952401382079055
738073.795205071,0.7908649200874378,10472.01535505562,0.7,2918.6571769256825,0.6691908047483388,2088.726852361276,10.650801681092908
2168430.5101820924,0.996700731694988,19626.97098504428,0.85,4829.935987426625,0.9322212477451609,1461.237102243365,7.22057943038306
2847273.1933572944,0.5889359781167962,16633.476965052225,0.7,4048.0771405445175,0.37630100188873783,1314.9263177000892,23.808427172662732
235601.29697621387,0.652044606246291,14071.394130999026,0.85,7237.640199069587,0.698072196719745,408.6931694622505,21.15069762895661
2850701.6658167434,0.7937097469818299,7989.717002288879,0.7,2945.1419716888195,0.9819438389995576,217.63159674461068,4.733887001225793
2614935.8425006056,1.6572314172101796,16860.0869311846,0.95,6838.570329522462,0.36518568324463724,4313.852478523297,9.28693159902599
604717.1342268481,1.2444669436348432,15901.532898754504,0.85,7359.969692135637,0.60402299069522,1967.1342608341122,19.40192996916643
685360.5753360866,0.6002888022013239,18886.902762842794,0.7,4511.746104455579,0.9969110844289852,659.5575788885005,12.321712187450983
1164308.5176153597,1.054983125796271,9214.642457102178,0.85,7060.655375919855,0.926610985527425,126.61321512204795,7.155872135214312
1838141.422265434,1.5167833059144806,5325.936120651935,0.7,6855.64529344478,0.6147470335411296,1142.8599260892684,8.376943431725799
2231491.987653981,1.0299488002541,1132.8914696561606,0.7,2655.712425753696,0.7372470509004874,145.3833000395528,5.76487882810843
1747917.798142214,1.1651528964329834,5236.342912234376,0.7,4133.3664414217255,0.7123932584118347,682.8349185310499,4.8684374443549725
2223924.759467944,1.0786886970743037,4326.0221542323025,0.95,2508.3080603573944,0.780755457307873,471.12156799367546,3.0545718715790677
1328792.616878671,0.9823238818611018,19691.208531241362,0.85,3832.5729452405794,0.4396783266249213,2703.178447233815,9.966942976683386
2859849.5683597582,1.1463854838018777,17636.692234101843,0.7,7280.0881809271295,0.5221464573177933,2254.2135038793626,13.118000495746456
258580.10074463012,0.6071923951619844,2992.4084883303212,0.7,2980.2841938555193,0.8743284351089831,252.87890267815254,5.802407016964472
2461494.7563335793,1.570774345262615,19571.159822890608,0.85,7958.93404193958,0.7776763408307484,5197.621859901856,11.341546239501984
962078.9516696389,1.0327567057282658,14586.204388200436,0.7,5046.944943478296,0.3780849922706811,1013.8082324346864,13.970006309473849
2887497.5263186703,0.6746929935532995,8240.962290695536,0.7,3546.1262029885643,0.6334836851995553,1601.5426271246392,9.466006208178731
2292436.383134977,1.653684716823033,19293.313366240604,0.85,7985.3635785882,0.7352841552245579,612.8693495527026,8.778943863181832
1771200.0316122128,1.271741902578847,3076.1913565240166,0.95,3025.791907579237,0.7445693909004987,266.79305034288575,3.275201137738778
1628157.7538456784,1.3293448518646218,6534.020586126301,0.95,5918.838291812692,0.6313156390662717,718.9018424080862,6.1170482039991505
1242753.64297756,1.4549409348313458,6955.876204674063,0.95,5369.699718125844,0.48010222305406913,595.4620169943734,10.644047195601217
868504.7396231485,0.885238751653106,12920.40701136365,0.7,6073.217024176261,0.8809686602875706,1954.6130549735167,15.912929823192519
1406151.4718411982,0.8596211548033732,4191.340691982029,0.7,4548.784413812752,0.6687002486779103,484.51875250777545,15.187540372373437
1660492.7368739713,1.173566307484007,17945.764307650898,0.7,6992.695600737457,0.6688188138997493,3302.435599734006,13.579153432338012
2850254.366783443,1.1176504473483377,13157.558420664522,0.95,5136.316500186663,0.6334760910801192,363.4738161367643,6.596360064776121
417863.08475051326,0.532736389342396,622.681388568576,0.95,3750.1974354384856,0.9378824342064259,49.68482979713827,7.689662619410731
717228.9450551582,1.5501864478337555,4044.9114620431646,0.7,6038.682698394203,0.41799563876084156,93.73398918973581,14.103160607833804
2390241.0033013322,1.6455924000536895,17737.77013452544,0.7,3899.9360839201254,0.4449045336326814,1131.3399367309019,5.1023921148337745
2357655.9712198395,0.6607349291256502,18965.410088079767,0.85,5319.021328913323,0.8877201859145458,1034.0569542588137,8.459051774593012
2843590.617016981,1.2487397896400383,19680.843815464217,0.85,4565.1640620931785,0.3798395618205815,3121.8226768991917,6.896591377179105
2532246.441410514,0.5995492994155416,2791.3922288931203,0.85,6510.619696465913,0.8660502739255507,124.36778205541654,17.581347457078433
406189.89476314635,1.2372099327984878,11778.368195567882,0.95,5163.361819104588,0.9036769260462414,209.13006419097113,4.232740328247312
159840.25587769964,1.1817098849725247,3278.397288981196,0.85,6947.876121864677,0.5400653041300756,301.86971888127647,14.766025633124727
2686181.3300404046,1.6947350661154048,10036.72843687139,0.85,5154.486007591862,0.6608547636603054,584.8430766363534,4.050859944063409
809893.4328575471,0.37082955027078585,15144.860808238205,0.95,4467.74604173164,0.6807436707397136,1954.61995001405,24.86744497377148
2126834.512977802,0.5677471068932729,18164.114927962175,0.85,2784.581128650528,0.6474252981698041,68.3432100320527,4.932253840992217
2997327.532453029,1.5058219501262338,10206.068660095725,0.95,7366.5263464021855,0.5400935727992576,1243.0521821321827,10.100894106724251
751117.8906763011,0.535799973862522,2427.7565025125873,0.7,3098.4944793680897,0.5314378160478435,152.96793884687747,17.144975398182495
1910323.9957088814,1.625872911261251,12526.710928163911,0.85,6786.030263458618,0.650685076016433,324.138582467671,8.062376280805296
94603.14088793218,0.579382042940757,593.8716308810023,0.85,5575.454829474358,0.9874862796839247,75.50023722479351,12.257601764860706
1103442.5341939824,1.3723161535653579,5931.810893535965,0.95,7095.073143245091,0.5415788253917818,166.22885487215268,7.887710052809561
1338967.4117582543,0.476980050586264,19676.7576555208,0.95,5310.307805138051,0.4248080868591495,451.56964183181066,11.193666215332156
1574475.7237203747,1.6839649765575833,16367.953923190107,0.95,4625.654866469278,0.5958025671608802,3429.9925827504126,5.489222285941387
1554529.7485206304,1.4004270311887534,3338.6780851015637,0.7,5706.34578904985,0.9143492314226569,65.57988892084448,4.251523818523918
1980711.6021218605,0.8875899803550297,8637.403647446714,0.7,4353.760579816414,0.7683071443720421,257.70480874745937,8.324453067474147
862533.3755214184,1.2620959486314531,7580.477377047372,0.95,6110.171335800305,0.452448105831321,119.79955283257837,6.792014408563445
1978364.437432018,1.0684491823545197,7927.209066881527,0.95,7691.13170050037,0.9778154204169192,134.2395337573076,5.708362790569882
353363.69718098536,1.7264865516775187,13004.045726805469,0.85,3588.0162300319826,0.5726451524890724,1776.187615588784,8.45401429583568
2289785.0046198075,0.8134779370878509,954.1723062794428,0.85,7589.347775841332,0.4325634955096302,39.25890264300429,14.607374269328972
2692533.781798024,1.3289797463796091,8805.115705173357,0.85,2712.308825855809,0.9088150858551703,1373.6194562948886,2.2794308542157236
1951503.040607364,1.1607627745625886,8730.594032706522,0.85,5746.592268031008,0.7219588066648752,365.465987605199,7.56070247734861
442209.783283038,1.6676301128690687,12571.95497328874,0.85,6124.492848615398,0.9543471488474194,538.2301327032504,4.357850004861933
2001692.5489681289,0.7897471885511484,19956.707838181825,0.95,6277.8618204496015,0.35363058863506136,3327.717010166391,21.619415007993773
2480909.736367979,1.6060264200248309,9812.443219514245,0.7,4711.298984764933,0.9173838812547409,563.35079200952,3.333489710103681
522542.67322933185,0.9399783554607871,15562.35053624095,0.85,5478.898642329032,0.7563063872945859,3031.9879426842886,19.643790668534827
313965.8248396927,0.5062497987617061,17480.505913757443,0.7,4657.861790759757,0.388078995601686,194.43251973192028,15.959725431246206
226102.79512118062,0.7954833300454536,12390.532911973803,0.85,3685.8880890277487,0.7516698977069265,2239.4126348874315,24.982699917690162
1021758.8721789678,0.8681796789461874,4284.937782561567,0.85,6726.67564144547,0.9979416387457154,140.45149229671617,9.179512223946896
1344912.4467239256,1.64562256138074,9143.141869054803,0.95,6474.920982987429,0.5924232729379137,3.3665541462658144,7.3924411127577985
535733.0323160992,1.3504097969225786,16394.734363189367,0.85,6477.780219612954,0.9756885305586439,2289.8088105990773,25.1201607238101
1807411.2815538805,1.490291197102891,11519.526618146785,0.7,7180.75596632285,0.9083275448140936,1190.7563011639086,5.36970693604511
589566.3918947341,1.6169519543408302,16567.300708241517,0.7,7165.386557997534,0.4424831380665075,765.0295122546722,9.5395707399586
1815959.586133775,1.4130797989364337,7831.755683860042,0.7,4664.5279662233015,0.699636314790756,44.08028373706395,4.469207546432873
2483679.5179103254,0.6471140127815016,3249.257706989339,0.85,5700.829939417677,0.4210343454836415,414.4383513919159,20.134772506336713
108478.09259952376,1.7212513261266533,15154.67084789161,0.95,3606.073839548447,0.7367158949394451,1435.9466910457334,11.67612483197523
927629.5242338077,0.4339609424716067,3465.8956265680763,0.7,5929.736397055185,0.36398771265048246,28.970848830472274,24.932337264425612
417172.5400112986,0.37027670514989797,18266.638494805735,0.7,3960.424695089456,0.8952960308500281,3639.6285046554913,24.950638784620523
478410.81104586844,1.41536722821826,9197.444921292308,0.7,3275.9268530588884,0.8036571486535666,466.59795557697805,5.158337972233385
899100.3361835212,1.048465178977917,4171.191976614947,0.7,7054.559669239582,0.6121682402407015,304.89414000694927,14.025847413691594
1011168.8467634508,0.3741150693682853,3563.879401745554,0.85,3869.217155811629,0.5310512041250222,701.5197137221988,14.795368840305375
1298175.0247537715,1.7077629687553242,17859.70694100834,0.7,4563.10892254769,0.5362404622214452,4146.650767467321,9.463224290891112
973724.1096566089,1.106077978031923,17230.587051955386,0.85,4045.925677711978,0.9091605005952944,2615.4495247095438,10.064824349748143
2211679.4246860323,0.4450070260832724,15751.251126999694,0.7,4057.437948734159,0.6226671524065184,2731.576640195015,23.227922965322094
2847399.7944011507,0.8290613234469542,14141.135752104437,0.85,2967.787232047568,0.4565531965657873,2238.876450888954,7.513450065836503
2629604.0996275083,0.4222514806408577,10689.598415994467,0.85,2849.101642062044,0.9582682028758838,937.1691171707464,6.238695391159567
2987546.039194344,1.0877938046016002,11066.060804127539,0.95,7833.0029678795245,0.8675183485825275,598.6597799685183,7.526848952793785
491650.33390389243,1.3518557999274683,14415.948385856575,0.7,4443.391207669594,0.5924756172173485,1168.7008798802024,9.013528971181406
273365.03123598313,1.1492030397509465,11063.737077129465,0.7,7836.6862854435085,0.43865820179769943,1063.306328521558,21.515338057297882
1210591.2352425612,1.6646933287420809,17759.45500073065,0.95,2880.086801122643,0.44943126113032045,1835.6362551415184,2.374429304281212
1546338.1516270866,1.7230160823328924,4167.120158815786,0.85,4252.039189386225,0.4037554628837053,190.10145384509906,6.792646599971464
1659720.8579455742,1.7141021144727033,15928.081685761194,0.85,3519.049153232095,0.8990988315703823,38.00549442776809,2.216632002518817
1836786.023859207,0.5128445501813366,13177.290390911903,0.7,4249.980874049384,0.440804213777042,2370.4106196030584,16.756025986012467
1505760.27979312,0.8220930351631666,6981.741856988328,0.7,6219.550716187721,0.5570273209078314,1138.3748007699055,24.96963844171194
1437373.8866425264,0.984111350342993,13115.17125056065,0.7,5917.783780852485,0.5916371974999124,3178.289628846495,17.938323254371447
1706008.2200364673,1.3333043391166868,7309.362469099467,0.95,5409.434504738944,0.47605209460011594,546.9566902216557,8.100910911106894
830476.1704714459,0.9202854967206738,10502.519127561101,0.85,7334.699142372126,0.5561506991802148,2223.764236052541,24.986027380614445
2676878.5561035266,1.3947944248245099,4407.743625834339,0.85,4616.179010346245,0.3627287949382778,365.56151246114325,7.720994969347054
425193.7538269028,0.8951178848072184,6586.305340458869,0.85,7120.708049021849,0.8890737610551005,217.77105116215014,9.093067303647707
53511.87783392149,0.7507985477361299,13189.632080911068,0.95,5002.72335779038,0.3508567726374725,1087.8945917586411,12.819289869984539
1886767.7145991032,1.6255227908780627,18930.787024973575,0.95,3627.465916033346,0.8520299607067159,1810.8604651567782,2.5864289483421277
1515094.198126759,0.9607702036834989,14659.486631170215,0.95,7591.938056176706,0.82886607047666,186.1557545354025,8.097376205527535
2073225.5267209983,1.2230288753938647,19529.537744343455,0.95,4413.449269057497,0.3684676391285465,4221.507792578328,7.940657684437526
1498587.049801544,0.705560210679671,5904.388233787473,0.85,5867.512090095946,0.5614811891880793,1060.7340162894845,23.974914998899102
382774.5969904937,1.4827888448039088,1132.0361747825493,0.7,5593.553823483844,0.5551570967691785,71.18221444286715,12.680340506203251
548410.3363245558,0.6099203884830929,6750.651811470373,0.85,4043.411186309707,0.6719545598035157,610.812204472906,12.314200732520312
1260359.3393368165,0.8527731256300558,5913.322035665962,0.95,4417.495883299493,0.36097905473300773,1045.3389438101228,8.50653895409397
2435509.6637829053,0.7126548045847745,19133.036762001637,0.85,3772.560320867103,0.7044609198079101,1847.1698915978598,6.52938745709387
1438795.8143872377,1.300272673040351,14922.823487770074,0.95,5579.9704063368845,0.6112713482612739,1010.129760073385,9.274746016120478
2261489.20531442,1.4164070416459098,14552.73879679905,0.85,6784.079062666903,0.681225592046669,1922.7154331631834,8.303252859304527
1725518.4871992825,0.8448668941031097,12997.538766304635,0.95,3823.253176762102,0.40932060636762513,1298.7902697403456,9.486456424780474
1154640.649970746,1.5482645996401745,9367.530412809054,0.85,5245.936044444812,0.6322362392420885,1650.2555078542832,5.950560976837456
598291.6531075349,0.6995155446203994,3095.7998296401597,0.95,6429.210257384966,0.698968611000323,72.10682949424724,12.758547508669796
2352288.6703063594,1.1359778154913023,3375.6473842634728,0.7,4636.38011404524,0.5857485008039472,565.4096623092154,7.272850966653075
2439917.8543173876,1.62536546862294,12408.980076330474,0.95,4543.148299795484,0.6745260389496102,1084.7997405926262,3.3960632807066395
2550766.5604858897,0.3655953082512034,12411.603031125664,0.85,4753.307007570122,0.9867256025559648,1964.059785602518,12.182624768307829
2161555.1742881937,1.0519209724276337,2385.701491145663,0.85,7508.716081065468,0.38302364959528634,56.79942893314163,24.78433887943633
1548973.3156570173,1.5709301264097588,2709.8236730587055,0.85,6353.4046564502405,0.372895755330881,117.31406113291597,8.230565698673908
652711.1377384791,0.4525075792238764,4015.4795502839784,0.85,6226.55934895498,0.8113877517762049,178.16069317875935,20.502849301049686
2998698.998335281,1.3144532413602508,4078.6029836841676,0.7,3294.40164207427,0.9163793338894115,548.056735249754,4.529548929993099
1325931.8406432401,1.5073856301357735,1257.4679246567293,0.7,2985.2609764935105,0.4812348742481888,41.85233422535701,7.29051696862674
2228569.461637946,0.6581467369691407,4618.529344780135,0.7,4372.64798464724,0.6839132837883051,269.0763445087877,14.066210967459451
1779179.2448695607,1.269219203865862,10274.04657137912,0.95,4818.775627397595,0.9304594222516895,10.379409654747473,3.225323134949266
2936287.7042098655,1.1617650081032693,9882.687710816028,0.7,7548.318380095816,0.8667484137759014,2228.8174689306466,12.853698572736336
1655987.355869274,0.6725703650621715,16867.41748468697,0.85,7743.51645507139,0.9847672582945379,1213.0605243422665,13.561694845788269
165017.43205290614,1.3655990239525488,6214.7577619412705,0.7,3995.097100058222,0.48971435576849154,187.1441724586755,9.555255847051473
2972248.5799178705,0.5274941811184818,13723.516465435607,0.7,5476.302198157859,0.820288584639194,1645.0919095860083,12.417353165802798
1413298.6098814274,0.8454259364352821,18934.439739997622,0.85,3890.718142812069,0.8558455510231993,2208.7015302961827,6.881298656216134
449991.260976672,0.8281310290072075,7985.593837216378,0.85,4009.752700990468,0.9402298126178764,595.8271170777496,6.48470886178447
993005.0846550406,0.6574444580314565,17874.940614372055,0.85,3963.8916305097873,0.6700247776211624,208.92704560712207,12.221787386536542
462665.8247161916,1.343635041585069,10343.970273662211,0.95,4513.99418594357,0.8450783910768367,428.5175100420961,4.536378606179218
676692.5984400421,1.4846365776615436,17252.797857143967,0.7,7321.524984153724,0.6287284325258069,1811.3310965534808,14.36915196884337
1246968.1838307516,1.5806614855473287,11019.62440635294,0.85,3778.9009417617435,0.6752705450768184,1858.373407697293,4.5309565245782055
1397961.8540266065,1.064420208124928,14461.033370932117,0.7,2910.959625862697,0.8605628002621613,2042.6419872549284,5.30156580071091
1933479.2060214595,0.6821313953718662,4675.360161342137,0.7,4104.7086038757025,0.7664595403017269,1070.4646089440375,16.391490863252475
906461.9084266496,0.6320897308997062,13761.961081228246,0.7,6741.8966409208015,0.9387157792965184,284.2855609203654,25.32585202786954
1327563.4761435015,0.820918108958649,10847.06691655844,0.95,4590.821360757785,0.8721478510334454,332.17769098526543,6.112998959415082
2835794.9646692732,1.7273884729748086,3154.8897177123295,0.95,6731.990738531595,0.669940215403199,502.13639679871767,7.815750611653489
2781588.97027807,1.443060903200677,14696.450919622273,0.7,7960.618400443137,0.621342566481495,2399.1514157189144,13.135742226090063
2888334.664635695,0.9527898817743183,7870.1015956390465,0.95,7542.98374642796,0.8456362904979735,248.64435184275098,11.56136372481164
1203082.5782309128,1.46310971743402,10661.897358861706,0.95,2559.072797272203,0.8208252216332962,1271.8627800701122,1.5488567177344392
1339499.8128258109,1.7862332385374664,4741.819620402643,0.95,6187.594185965134,0.8525822023712017,657.3020988081653,3.1818834239778098
1674396.5804532475,0.799325780084674,1209.537049241751,0.95,5921.054563813794,0.9203175745550333,327.84398439331284,6.138199136949894
2764105.915496017,1.4524950805073886,13021.820172037289,0.7,4296.69809911,0.5298785640873542,283.68726810252207,6.23929371065812
1931743.04063244,1.2125467346911,17200.54872856345,0.85,3251.95240084554,0.9923208511540165,542.1042907457794,3.087442838994329
2596828.926520185,1.012674274358724,1379.5036068954894,0.95,2866.8832219788433,0.9471058276397306,245.54447720667036,2.6440708174973864
2794235.6763469903,1.2053943537615721,3683.0424561782297,0.7,6162.004564120929,0.9824509633816984,384.6427944624638,6.627095090936645
327681.67735055817,1.693879660994103,11394.02486032437,0.85,3993.4215558469846,0.4285937570385723,2276.3463296068026,14.723824764426016
399675.2842474504,0.6192306437397475,1775.5993956796276,0.7,7259.5469664166585,0.8340919564309511,217.4283236145427,20.18700054150604
825993.4587415459,1.3867903796022256,19169.41057801864,0.85,4483.471465961658,0.6441656309855728,1790.4784627946804,5.412211141132727
2076643.411904771,1.7407031671527862,3398.4101614446686,0.95,7368.503550011167,0.5912525076666693,144.04519366387728,7.349057263402369
2356390.0992215737,0.9576200124223704,7790.385431801991,0.95,6077.8388444178445,0.597487710871117,1082.0596538456125,7.900823687597755
2055641.3013961888,0.8563249706052608,4788.132873785556,0.95,4026.731891904816,0.5899961055320931,492.299925325961,8.239359832788072
815429.9989097395,1.7703829727734388,10835.045519755322,0.95,5591.421473675238,0.4681965080630426,582.0912337643189,4.369636432491968
1514091.7393235094,1.738301182880114,1847.261950242496,0.85,4034.9750815464176,0.9010182213788631,131.0848906734918,3.716019605539399
2239510.4550805083,1.3975430427634912,19444.10512205214,0.7,4703.151997746752,0.8317799809811994,1934.8460606263645,3.9355996140400507
2220495.215479849,1.4396379794470544,18603.272058522598,0.7,4585.747102119906,0.37514303577244335,2860.842320885941,10.548307597443719
462427.1502956277,0.8752392183049088,11197.433120792452,0.7,5460.443372079446,0.955911646496427,124.69009447836213,10.270594554010021
352616.2631300667,1.544908912392387,6268.937635700094,0.7,3054.1086546974393,0.5809375954895004,161.2745084808023,4.5993204586821115
2672380.9587793034,1.6186761061998753,13471.72654451934,0.95,3402.075792648134,0.5035153140034183,184.3718429621855,3.1489246208021395
93603.7957071093,1.391802860581692,1773.129210577467,0.95,6799.617743513437,0.7661882532423477,15.1367134240952,8.841500907384923
1419032.981352782,0.6091462290325379,15728.380281309885,0.85,6373.151380507372,0.9518405770790968,991.9879924601438,15.970735461868324
1612056.756543979,0.7960874937814728,14820.708497179825,0.85,6684.460655216845,0.6491184899689205,217.4943203575516,17.818663598255792
474025.8526503662,0.9053186743717182,4908.056531385971,0.7,4098.619692911128,0.8169188153853464,660.3839711814832,6.5470915422481974
1376319.0687204932,1.5447578688049513,731.0251807607344,0.7,5168.646483801023,0.9394427181232856,24.093804562819418,5.284051386615532
430995.8836751436,0.6481280137816507,10110.015029855622,0.7,6602.349497490326,0.7457994769603844,345.6710092396725,23.750229847154007
2092741.22280753,0.3816192808784394,19421.539393609557,0.7,2536.1975477555047,0.7398729466689382,1213.8498710822805,12.51271318430368
292462.75150407804,1.4829893807416301,7107.246374083164,0.85,7862.495299871185,0.6587842421751917,270.12422090556527,8.916485993051525
2214192.1578051127,0.7404409364996554,13182.846934257585,0.95,3145.7914621623986,0.6140989311572225,542.8008889548875,9.55876886607489
402780.46123193746,1.223972454896347,12188.015399759852,0.7,2746.2466019053863,0.444782086121906,344.23751570984956,6.175875700728604
1304616.4087782009,0.38057659477693023,10903.210059336585,0.85,5007.951473784546,0.9362559088526441,2253.4732711085344,24.867938179071057
2422388.336498411,1.5563712618478176,2149.013374761382,0.7,3779.0410169946854,0.9477733559036198,309.43780076551,2.496268542208559
350515.7229001222,0.4269874520212998,4323.1555041782185,0.85,4555.073460552721,0.41621965903640634,600.427230481636,25.02244947027513
2075205.6957854612,1.500154722652042,2228.230993903394,0.7,7545.360115104296,0.7974625530664229,306.99162403899555,6.229514964858114
1761203.4041152361,1.1381425218998915,11865.984747941477,0.7,5860.867287694313,0.9440428262464854,1513.1945772083677,9.688330995885162
1495807.3168939063,0.4493283936626342,8688.084134207802,0.7,4391.780708236787,0.9551636652296404,1936.2382297667987,13.169985039666344
851379.069388973,0.9093720244911837,6164.22590930755,0.95,6797.343259665017,0.5241080757591379,601.3728032008801,9.688792464448065
755512.2665900014,1.7058485210707381,11444.84110762249,0.85,6457.826897723561,0.7639986190325156,620.8730101407738,5.5972021372000516
496233.1669874806,0.7694121699718612,17929.147094065735,0.95,7535.861537549958,0.8022670229201045,2668.863238271307,24.708531894580542
2013819.5337860775,1.3137509768230755,15088.03911372202,0.95,4239.6877582714105,0.9740247367482777,1686.5819564960286,3.077120249964797
1980186.0053690984,0.8039877112105946,8073.508947682562,0.7,7580.4614207714385,0.7047074206496909,1624.863950049905,23.096149899715584
2611642.9676439753,0.8264282668949581,1536.588080810329,0.95,4183.620588605426,0.7827904439091495,235.75529618658692,5.793248539328509
2440255.1638782383,0.8194637523144765,14159.687420306413,0.95,4347.518865701905,0.8017227571612324,910.3697194179905,6.834319445122755
962877.4781497207,0.35916145747826134,12149.10328019522,0.7,5805.039953079704,0.5243206632495132,1521.6830985396311,24.97543511369456
1963253.5514619553,0.4746115157320476,18223.169569237492,0.85,3735.8112997286617,0.5002942266101369,12.911417007346245,24.902811522223256
965840.4802973776,0.9736330308859544,4811.873880173742,0.85,2845.076368692659,0.4683951439483689,856.1960901101863,7.6786853797178125
189399.34663730857,1.492320630191264,14363.790842704766,0.95,7660.686407592626,0.7959138408273982,1299.262594177468,25.03442606118526
601663.6476045774,1.5323318383786448,502.61548306015874,0.7,5730.223577348528,0.5654883388725547,89.25091084891675,9.68617322016807
2649163.639553258,1.4945649386354014,15962.131538583008,0.85,5704.042759912851,0.4664488913103458,3098.65008191788,9.820286239266231
607507.6804612649,1.318369236661617,15695.50005274957,0.7,7077.1797059170685,0.923373721888145,276.292268975564,7.388508870051328
2013184.9776244224,0.8743128743587755,10114.637036756489,0.7,7287.75149529592,0.7083280324883322,1411.6646116780826,13.448179188982989
2458555.5576458485,1.2789925679798229,18752.391960797417,0.95,6182.678241535865,0.6817299988605423,1235.209563755609,6.488066953191456
2020191.3600631307,1.0338203200306109,9846.368465909487,0.85,4031.294041758047,0.5889122481386713,1145.7212457676417,8.61228784088947
722610.6319157083,1.6412188722488907,16017.170914415228,0.7,5215.151523932066,0.3764818168579981,513.4147631282609,14.723773256077251
2390498.3092132015,1.545910883164078,16840.58367244699,0.95,6361.972708998866,0.4961341101549842,2141.383452125552,5.4844072122165475
701946.3796267156,1.3523055922367884,6570.447663567897,0.95,2835.958103337245,0.3685849251023064,188.50056923170916,5.0071848050244085
1044110.1455643291,1.5774992196666284,18414.320449476527,0.95,3040.410258008504,0.6650828772588213,1129.512616508637,3.7877214546489313
1604803.9836340728,0.6564714239550911,17697.312418989302,0.95,6251.51290348047,0.6590428934217525,1039.4146266776784,17.590764100442634
991459.3650628468,1.1921005161051,19123.079737172702,0.85,2805.054917901138,0.451918503809592,3085.9311592469553,5.1173637967491015
871003.2941579288,1.795513906795395,3768.8963840170304,0.95,4443.801022014722,0.590852485414917,542.4229754414715,4.061719535412438
2531292.5871302015,1.1870115473835083,15178.26555403314,0.7,7467.614736190071,0.7214849374316632,2095.449485008343,9.696103724417103
1595407.519929056,0.6315714412258672,11083.706017911534,0.7,5734.021632352216,0.7917508059429381,1997.6669825787737,15.8793833831414
1576846.0616513123,0.42681966814820027,10662.690009668831,0.95,4805.590355306142,0.4298160026782042,833.501614975921,21.1556198814632
1943144.2819506542,1.3690578099192656,15763.122514654546,0.7,5227.305955330847,0.9743709478835041,1750.1267671462776,4.0464247211058195
462028.06672390876,1.340637764387933,2323.946300546155,0.85,4701.5370682476005,0.8189642118303966,149.93989428154356,6.086922898268844
1884225.8020199034,0.911669683849447,11821.81946445715,0.95,4423.817155697989,0.7265359763487189,177.8198257582443,5.652217576603751
1273656.4194456302,1.4198677405931415,18001.186967219495,0.7,5711.587852172093,0.5136047881763229,771.1704571574821,15.86365044034739
623838.7923370564,0.6242054738489903,4069.6319835181544,0.7,5820.5974691651445,0.5881649439550365,117.20152304766637,16.667152584278732
819652.392451528,1.7944815295972334,7833.057049018145,0.7,3159.985136794102,0.7227972583404532,1076.2575851738309,2.849215782152959
2777170.924446745,0.4021557164482335,13598.485803159412,0.95,4838.277593531305,0.7965728541751601,3207.4895212193437,16.740534876945244
1664221.2637084636,1.1159992613050895,3513.0833426230174,0.7,4955.329662584007,0.40432837490017826,357.0042895767265,11.458228925614026
1758285.2264066301,0.383865351020662,200.3809424282599,0.95,5114.926371803715,0.5732464670738564,17.510312076321643,14.000831532190892
1450287.5710843173,1.0128659981107535,13182.576828398793,0.7,5896.3666842863095,0.9885798836457267,61.72255899869774,5.901336259964238
324580.3032521648,1.3232077716295199,11831.066520206548,0.85,3540.917344419704,0.7516719164033736,1567.769921022362,8.616912829493767
1550059.8580844942,0.4853217037363645,4120.09693195643,0.85,2572.9597834461165,0.7811273416499949,116.99398357784052,6.667826018542975
945486.5657621011,1.3936155294633172,9069.855422179358,0.85,7125.964684134261,0.5342411986260884,1.1436463747770387,8.96834937516859
1752626.3656535721,0.8314928786320038,6906.87892895505,0.95,4247.123852811264,0.8777609212585449,1422.8991218411809,5.269672540463581
1508713.6670770065,1.7169425933456037,18686.459538074272,0.7,3360.617534082872,0.6342516963475178,914.5236417061396,4.606823246886811
1077406.346149973,1.2180402487258102,10974.249340580118,0.7,4130.456940626821,0.8998825097299255,797.02620123232,5.00155206127559
853546.1316442036,0.4235664354423971,8416.142711893654,0.85,6097.407691401064,0.42727791822721034,819.7446959175137,24.58082489134015
340850.13498880196,0.4533735289433152,13618.33381774536,0.85,4133.325162791979,0.5416946739998263,231.48363609058157,18.42130752807798
825215.6564190943,1.3606290942739285,8341.783325188517,0.85,6610.849576564907,0.5118901541523982,1009.1813314076902,8.194541678182473
2369723.14705428,1.3491899252353543,17598.794029539553,0.7,6313.194166727677,0.5837239755740464,2222.0297303495295,9.125000183994116
2388259.464143078,0.5188908583951515,10076.908497768682,0.95,6804.826677942578,0.4192154361871225,1554.2944916828012,18.898977830115676
834943.4941213855,0.7986275713762092,18004.07134588074,0.85,3770.5392019650235,0.444328085798248,3328.845948007328,15.913776410395425
2978330.4773425395,1.4876036784444855,12940.417599199494,0.85,7655.857553158005,0.6117373009132827,686.9950718991695,8.344968644436264
1616601.460794759,0.7869663890942045,12664.520323167986,0.85,4639.211610340117,0.35200201814595805,1528.2457772682292,13.99916295245731
2733078.4955769028,1.681684447848589,13998.273583489332,0.7,4308.786702730789,0.36901686894068364,2227.7972168844626,11.514763670919764
2158770.494183771,1.4568011138637589,11461.4778805141,0.7,7373.481541890333,0.3725403639199127,1776.5579023655832,14.294842904140342
1817260.038110264,0.5197356713963561,624.3202347288081,0.95,6435.475763734899,0.62904236611915,49.541574118412726,25.10432760212038
721054.2439146704,1.0927698456472683,11416.631382592159,0.85,6070.752112724424,0.41466318266848534,187.26420886110884,23.44158161123827
720341.7487135818,0.6174484733128487,365.03958858432975,0.7,4729.610637842461,0.7263884681491477,42.161098119493595,16.251307868081923
862444.2353253207,0.5480436383889968,940.9396956495339,0.95,7188.009468951829,0.37978917039272153,140.90611513104156,23.246490730597934
2595314.944220384,1.6859852435655105,19604.226715717534,0.7,3653.2433211951297,0.7582575022602598,739.7432800033384,3.2669660147271697
519549.421847379,1.2272192383789537,6337.301660396769,0.95,3860.1844426708826,0.727463320168132,1679.9397945972612,10.66964791690178
1951270.196556325,1.402834677240326,8284.264502983613,0.95,3351.7741810505377,0.9606923419422115,1091.197347428344,2.4641670028178364
2365135.568437357,0.4284504433556047,16299.761168472714,0.7,6958.8619500945315,0.37448653344273275,1549.8121539134963,25.09085213350455
2552881.876910447,1.745789387475745,12280.274235433006,0.7,3009.5719243868552,0.5093236157620882,1818.1129817114079,2.948365595326031
1477795.414923807,0.9139355925809193,18937.15620312661,0.95,6009.655672562993,0.3741798278036579,1095.6773526588827,10.85472286998182
967521.2202237175,0.7899272804907791,2794.3118843540137,0.85,4994.174947737378,0.8070112543650021,403.41385481458803,7.264164615236104
1657815.658668583,1.58182000378254,16507.919403197964,0.85,3482.590026700831,0.9127151779828223,1595.7598381462747,3.0710465938593425
1043750.3506206332,1.592169114759637,17350.756148588254,0.85,7526.278516506151,0.6696881420069408,2848.658490289881,13.954787806440786
158093.85302385988,1.5974859067162148,15291.797110054958,0.7,6033.681504811657,0.4922430702263369,1482.6254975378604,25.022395302497703
799185.3185799676,1.7245191007392502,19848.42196800165,0.95,2799.155894033709,0.46597672566890647,506.9634666023815,2.474105015069911
1401275.2550543363,0.4554055578319528,2241.8226712740297,0.7,7818.28760042514,0.9782842656072966,126.64763602596653,25.258706403359472
2103713.7040855517,1.0764733612034112,5060.81423858921,0.7,6838.66981777633,0.9965990821778942,1050.3001217900066,7.646176397491101
2419521.8871024586,0.7843094960211437,6298.472578929459,0.85,7805.790489900517,0.3889289636989514,1648.3548614796623,24.81057494053233
1599467.6938698217,1.3367151331403917,12164.388296149677,0.7,6091.486659868642,0.5696817539772863,1906.3348710489215,16.10771927104372
625735.8423268264,1.750238625597567,736.9337871314614,0.95,5162.915126520347,0.8523363829988648,94.42256757360103,4.056068738105559
2821741.854164775,1.5904710456912663,15690.281916433414,0.95,2797.457119619646,0.3724334845926043,1187.2955938454636,2.809543139404899
294516.9061002111,1.4236337293714434,1403.3565610030716,0.95,5681.134871837496,0.485006260328117,273.4281491187392,11.249859119669457
1433546.795439037,0.5055810187267467,11914.318094967453,0.95,3446.1183354781488,0.9125610535583643,1901.262385257627,10.222449620981177
226547.124076701,0.7728060384555442,4478.914647375893,0.7,4728.464979393677,0.5286392686987903,28.014334418895007,15.698845282060079
936156.4075284752,0.7666500480666383,11186.437614505514,0.7,5012.451524334385,0.7178190770769803,1772.024553111795,13.824385475764142
2780792.965549322,0.6624762316754178,3964.365744199631,0.7,3337.4072025636347,0.6685357870431577,735.9622960238985,11.118256391984213
2160328.386052581,1.541836366068304,2204.427548464604,0.85,2778.114326358848,0.9574227511623137,466.64472150580656,2.090576405465029
2136535.2233295003,1.60161342625568,7549.415149734109,0.95,6296.732517729519,0.6401860948608944,737.5453799792749,4.593040785973161
1267921.578967774,0.7579170668690224,11569.160596467105,0.95,5283.839130168319,0.808563845873653,1005.9735317520655,6.576195664504218
965140.9762568148,1.7080693801756173,6199.307420388425,0.7,6522.626220525089,0.4334040740614236,859.9798053506086,12.767477809710648
894515.7389044649,0.5850493455812452,17752.417832913554,0.85,3666.2374334651595,0.39360947040138444,2385.8381550797067,9.137892636130184
2321650.7976903697,0.7559061579587261,13441.875649208807,0.85,2527.8419173916095,0.7557726637001588,1248.8459559219436,4.661849792640274
1024806.5599118264,1.5632382612694373,7214.237634911757,0.85,5855.032449103575,0.430847846295793,1585.8075156678426,9.515591456113913
1186172.3996231921,0.6940480093829811,11532.87292316417,0.95,6125.966843539207,0.36574983573251674,1170.251191342353,12.480381616197374
2865611.3776415833,0.8427956565648425,5762.136326882079,0.7,6905.220017424751,0.48443605366924486,33.783504706601924,20.901057738815172
670308.2833940305,1.6590267325743553,8391.126265306133,0.85,6032.632968383441,0.5150248654927938,749.4514175560658,6.122391218327439
1148034.9817327468,0.8264615998165689,15632.541279447618,0.95,3447.0566591134216,0.682868310455953,455.86940960173837,6.652681732515531
2116714.367761311,0.7793368548618527,5415.467793458482,0.95,2941.095611843435,0.6087451845079799,60.75945566748887,4.019917922010309
581337.9378965148,1.36685735475539,3840.349537419655,0.85,3806.935213260727,0.7401026149446901,111.6468238758562,5.0399188887940705
1190966.8566463273,1.7526522171327379,12690.02148174024,0.85,2985.132522882231,0.4761899595313391,208.7418770346188,3.0705326136665994
900243.8753529453,1.1950978505432355,19576.82381167895,0.95,4561.707405212703,0.7724873556007269,2319.9586483855533,6.831347457024918
1005278.1460669424,0.7396995850344733,19931.25081899773,0.95,7874.905339341419,0.9708056285364938,3987.7421381918402,24.978393923991298
2555107.4053411144,0.6159519876847954,4159.196519961126,0.85,6625.714396801731,0.5285438881230731,989.2155360838732,18.172085496249977
2767450.4711428327,1.1719266434761688,7909.398998881623,0.7,5699.026501903769,0.5060789832970981,205.59906735130343,16.32497411799598
143213.218536951,1.056877354927455,6562.812873056443,0.85,4199.650162554584,0.537903011075306,1382.8470101510318,16.175321939702325
1605450.6449957534,0.4369120823543091,5942.680616997369,0.95,4258.983365951497,0.9680802571478033,438.3450597423973,12.352221445589993
1322517.214006057,0.6989507594538198,16413.502707287837,0.85,7009.19712230797,0.9539522566472133,154.30665066121466,9.532203236858848
1872646.941439237,1.157936338716896,12704.206314645071,0.95,7824.590717849114,0.688322274319796,1243.5458236797813,11.313170159993847
2989956.234961531,1.3455458622768615,2533.7485042007797,0.85,2767.072918744092,0.7872805247700934,634.678639560845,2.1903218289524378
2860273.8730276464,0.4537985608121158,4400.5928958993245,0.85,2671.11069659684,0.8012504367574649,3.7523179297520115,6.939888822333022
702953.5745775597,1.656912188372667,16802.441224678412,0.85,6666.546792893907,0.5843603034425353,2004.1118010157863,10.894909161197855
1943508.529982905,0.9851739762512797,15610.960313870226,0.7,6074.8153245458925,0.6329916150591144,1259.0554557153391,9.42672837152613
2028869.5692570251,0.5548270650924043,14867.30054165794,0.95,2725.3751981676733,0.7385314864493169,3146.6641638057545,8.211114249967979
1536176.9755472238,0.3812890081257682,4638.643122669111,0.7,5050.103168702906,0.8145256699915929,242.7940455272073,24.779223966919382
517264.6546854987,1.3548605359134878,5746.156583543737,0.7,5268.649075838681,0.5252390883912293,897.0249264057802,13.022179146328591
2876985.0445503183,0.5058699648573359,7368.226517527205,0.95,5834.683955902993,0.44332883174810256,1388.5048346388628,25.132347069254454
2701537.2466019983,1.764646305320046,13415.613008723496,0.85,7020.955131707321,0.35247711373160345,113.46854622084655,9.120866055097585
2978241.4979838952,0.8515025646630642,6630.3616073456415,0.7,3340.3562696054587,0.49979855903518916,360.1624621335792,8.122253845551722
1697206.7283668243,1.7558448497895984,3450.5769489125278,0.85,4346.2703544365395,0.8359214334683094,52.98271838124082,2.666220669229489
278003.48269076995,1.7693428456035458,6437.15644668642,0.85,7631.8668438939185,0.7179695418255957,277.3637570009748,5.198227064424239
2071584.2756613554,0.8952257172720463,7601.855026158616,0.85,4791.529154348105,0.9061330151388572,1039.6685225620442,4.917097542910766
347238.1294692979,0.8815510339547424,13713.536642373818,0.95,7074.3148132304395,0.8369001888644446,20.181540164848233,9.357869856504658
2461939.5786474724,0.44939007298889877,14782.19425639739,0.85,5136.451247106242,0.9503214206549921,470.06445072571057,11.102759669100848
1017700.5448031771,1.6078674505290027,7530.583026539812,0.85,2798.671736660415,0.8419050727996349,760.1672206444509,1.979885842218307
1996592.7840665162,0.9551761975797698,10938.807565178146,0.7,6201.440856642172,0.5459869659159967,2369.955478423476,14.07038638834906
1461271.0121841505,1.3396562180449396,9788.132407932635,0.7,4369.50281215581,0.7795712038194811,1306.672831191591,7.679984874015091
465215.85750100034,1.6721697315350728,17302.243361974677,0.85,6826.339345372419,0.7200183374724465,3005.034364610943,22.927185257730983
2963101.0735797444,1.3964350326115431,16543.733420346696,0.85,7687.416075874103,0.8533728986238411,1239.877401918647,5.550914472875668
389411.92757402983,1.5543577066993404,12990.92822132824,0.95,3853.429215086013,0.6454586213677501,2043.2525698072345,14.718629689639089
206516.49599243034,0.6413968592368395,10837.90594306498,0.85,2845.4912977385366,0.6633518566478956,584.9904574313822,9.808911635908103
2802431.698250098,1.4919305617361505,2464.4208887269915,0.95,7171.928153894627,0.9646043892705414,1.9053244516724066,4.037705970059743
2346792.345833006,0.5329138932913463,6662.302338000088,0.95,3511.3922879297766,0.8938067344599575,717.7368908927754,6.441172888555294
2392019.8597891065,0.9280620520349848,16486.454157058164,0.95,4582.759609158384,0.39343229324117945,3261.713072435212,9.68433451788467
2866325.586079268,1.3848551143658856,11954.359537957705,0.85,3652.397202108632,0.9424761284430596,985.7711514695706,3.0858607189150056
1804255.655268348,1.1099807749971862,3371.873526556983,0.7,7269.417272504652,0.6408251868919028,67.72693925237672,10.895971724778635
1268465.9845863073,0.71486508693973,2356.975304620307,0.95,5958.402363135288,0.45074334029406,500.1238758930388,14.092757923606804
1840302.7985816216,1.7741579515559311,5074.281283377576,0.95,7138.937335359561,0.5751950214161842,619.5132733298042,5.108960081595057
999354.4302396923,1.6639790278297646,3863.8075010534503,0.95,4062.1293622741186,0.4289045961938472,400.88839888341283,7.031532441240478
915081.3378234447,1.6327189390080608,15666.651271740431,0.95,5025.661508918061,0.8255810581905794,1624.8905618694987,5.894726479028041
1641806.6899757439,1.542470381928163,2993.8589510896163,0.85,5923.654793322075,0.9978492759727863,23.7888208909716,4.823817659057357
936698.1179369682,1.6776304140155416,11755.865027599553,0.95,6218.083508243886,0.35911369456535563,1703.5817876277824,7.046476052755187
2797285.364954224,1.2315742777803602,10266.454325531922,0.7,6781.159475234866,0.8781771505016266,1972.197887183497,11.81389002615293
2675666.269730702,0.9075663279714673,10193.603624985028,0.7,6691.1724676709955,0.36470968592694586,345.85443810097183,25.092515278927664
2546790.005304111,0.8755849477783455,16331.521793941954,0.7,5106.449252262781,0.5849926725940308,3070.947411176216,8.780211564702439
2157115.053907007,0.9531343931491895,1601.601922796111,0.7,6469.135302495787,0.9700620164864486,202.21747651272702,7.41735915805276
1979468.3706847858,1.067576945930313,13578.484231680899,0.7,4765.030859175906,0.4034596562704928,2158.3233191441655,15.128679393773833
1765803.1981698456,0.876006118460792,18859.647432129856,0.7,7092.2865752959215,0.8283169660963627,1936.22561878162,20.47080784182157
522612.895379816,1.0589613057133076,16847.099529194325,0.95,4308.7888566507245,0.3571144565492864,2687.793156792698,10.964552195296816
2788737.822659,0.584658692810735,9314.749027411826,0.7,5133.307920072661,0.8992031005500413,644.5344277171166,17.640151872416958
1361235.5690953247,1.0849517925363221,9397.218942408,0.95,5338.625267260662,0.3853774827102081,622.835245705234,9.595837142813389
2991926.316364087,0.4898874884088984,10407.573822848643,0.7,5593.083387518753,0.7649325641429924,971.157506752141,13.572924796113593
2498767.398998426,0.5500670561980914,11902.999962950656,0.85,5694.717001756222,0.9614917845253286,888.8047698439915,14.806512156952708
303727.8128533505,0.8951489725994104,2835.990533016542,0.7,3278.3242047464823,0.8035692147535267,132.10576095987824,7.914673544149371
2980779.6210062327,0.9803244192373982,11605.955873652389,0.85,7555.839943984646,0.8577283416218895,846.2358539482907,7.966365534833025
819709.9565893546,0.44571042566953856,18913.48904776874,0.7,7304.0890560399575,0.530699316979212,1780.3281242763585,25.26539151558103
1856161.4937631742,1.3414579290558217,10804.880511462805,0.85,2647.153931136864,0.9829537405131448,639.8820497406218,2.170310384342531
566413.9459288414,0.5026146040611754,3281.564373265557,0.7,7144.975722800582,0.7547439784880573,19.797874934023053,25.130411478664907
1140652.1682427188,1.7147722275969715,12842.078718962945,0.85,5305.509372868547,0.8569842255524472,538.9202833640827,4.365849246372569
2548562.7454088684,1.787078079910939,19298.06615942712,0.7,4593.2887727443185,0.36029983665960064,2615.4293937253474,6.284416378308496
1793218.115138007,1.4370671938387978,10408.715243312481,0.95,6787.994140579185,0.5679953431497364,633.8642326834242,6.200027166454398
2015297.5070809356,1.1374215729701223,8019.027761425533,0.95,7642.074755204757,0.9539139511698388,207.75845216695478,5.642467514328385
1999756.357438219,1.6113800440948358,8609.807366482968,0.85,5110.939968398396,0.8546625911158314,1116.1952318047602,5.70037413688715
129420.48574507664,1.1323373849527454,13058.09245898536,0.95,4534.329438285866,0.66039354009311,2242.7304179600605,25.177604582451863
2332651.185488444,0.7949836287356344,9788.582414528792,0.85,7945.834382063847,0.44605876931121197,776.6115484710697,16.07407485170541
164781.19694766903,1.250190260120735,12208.092524152018,0.85,7446.922585428162,0.5101211743028395,1922.52510476201,25.154921760051515
392874.7877111927,0.474781929083694,16108.05621194603,0.95,2929.3644040932318,0.870812376023401,2651.0666494245065,16.106590066638937
1745748.6877942272,1.7888369149892624,9501.634592521856,0.85,5304.48127775116,0.5647375626283715,162.41026447688532,4.295130633469101
2150144.951135536,0.5839673716169659,10168.09579488344,0.85,4247.729765808772,0.9981449570951056,121.38760846077695,7.047168045181877
2047878.3113741595,1.6654105811612268,3680.4878132976432,0.7,5734.975323297245,0.869782306409002,445.63806735214695,7.295284278274289
861223.2007774307,1.4870943676789188,16444.119612046452,0.95,4503.020950893041,0.5903321013395966,1200.1699159152938,4.011244677103209
2865145.076901443,0.9989925771804543,1964.7179308174166,0.85,6116.8882404241995,0.7952561061972688,222.48024451761535,8.69176804362222
2032805.1668973695,1.0796430181045245,984.7079662676559,0.95,3606.1637812442896,0.3915978318559119,28.241333178351276,9.486384173264117
865681.8250738462,1.7946269737513698,6862.431568547392,0.95,5226.426612206946,0.7137693808584635,491.3340619223617,4.454107729494731
136063.6220034245,1.3106129568000016,6599.891157653726,0.95,5145.525203466099,0.5871135177179366,518.9189708363077,10.922753622874344
1875873.610452527,1.259110084107931,497.80262773720096,0.95,5261.593828972365,0.8348232096475987,1.631917368468675,5.301523005302084
1421220.308149899,1.4991005043790344,7982.07265878535,0.85,4430.916501364299,0.37512035364485785,607.9301537377577,7.572053505102599
1350572.4342984702,1.1541390327843788,9363.240386158574,0.85,6862.121432609162,0.8774532778342617,360.7303885511221,6.0045201481797275
1780148.7957652665,1.7270287238547954,15445.55210516317,0.95,7324.956527661583,0.6862504764745405,268.13510272368563,4.433994524731946
2709550.018622353,0.4797453864703923,9138.403339746277,0.95,7339.177631753316,0.5387432184344875,589.4021739838197,24.949262334447457
2843745.8871777584,0.9540031862604071,10019.24973818794,0.85,4566.717151362058,0.8675118069021547,2140.0699248561796,4.527240748611253
1152114.0715648425,1.2827555381827782,15038.484591974726,0.7,5268.631139228799,0.4906293286315023,2109.5374847545313,7.970003945745246
820389.7568048618,0.8744281752592225,14709.282006685246,0.95,6774.790226417072,0.8310701879127873,2837.0167216173754,19.621443908340304
821055.6344990905,1.632828734336039,6140.779303850199,0.95,7181.784679653966,0.5390017468218746,1069.3259427112655,7.5117274681139925
2403542.886722118,1.4285882198861706,19705.355881905638,0.85,6959.762166915254,0.8567265421036815,2567.4044663999734,7.384675095937634
2634214.168706259,0.5949096478641661,15476.799940625728,0.95,4964.164784909626,0.4498155920534191,1379.9906126394505,19.335979147399506
868459.9416991806,1.3935909386863008,2057.2427323215243,0.7,7617.9350967215605,0.6695176631346371,160.2603664693108,14.609481228106656
237737.23736993302,1.5860649699600553,16426.369195900093,0.95,3287.7563307840537,0.4245352493308118,2535.438598814138,8.918566169346109
1642624.436448513,0.7262002903368681,19702.618667081028,0.95,4895.823796533082,0.9857132972285376,2372.03196510323,9.448649919228556
360313.12855065084,0.954726807901154,4077.793462977231,0.7,6432.988090258668,0.9779913697810865,340.6172980658565,8.597410799320318
689886.9980877142,1.0193981874910614,6299.647585913789,0.95,3818.4824467439057,0.35773928479948536,876.2649816161958,5.853255863501352
157880.2273074469,1.5414189619762877,8728.115502409819,0.85,5836.4890896935485,0.6899833583462782,2196.5062313942135,19.25583277484339
2410074.6070499313,0.4801701711488101,1838.138531581641,0.95,4457.761320467459,0.3560586953826652,76.80490024950309,25.11561909147127
2993445.497544991,0.7017134327708778,4398.94388555578,0.95,4952.210322936247,0.4460106315593061,878.3860495423384,12.078836424398146
2667794.183658926,0.42116220588441866,18483.210343418818,0.85,3263.455288004683,0.3617293009562822,1497.1977810098394,22.363537065162244
2567003.6364343185,1.0232012164541886,15207.216228427777,0.85,6290.602956108731,0.6511528517112057,418.6805703099505,8.810091987167638
2378100.5729477806,1.1363443028059996,18644.756821861403,0.7,5454.815814442847,0.8040097804166189,1801.7946373908535,9.049731744482418
729950.4062939844,1.4991814516219608,15288.219465585027,0.95,2875.2383921308774,0.4575289468039138,996.7719101583301,4.616182348428046
707059.4618908982,0.823483669796353,8296.030912927168,0.85,5076.433492563216,0.5905004968881532,408.09020400040623,11.035125948448309
2291437.8698969306,1.7677101120935803,9973.708930449933,0.7,6853.66369973522,0.6800964369415496,249.06073932645754,9.510853612496154
1538820.4171638417,0.8929838318862424,2127.313388478538,0.95,3583.027681440666,0.6352210242778582,295.6212009364693,5.563655989416227
1216089.838748448,1.5712773992126459,1904.5707974340621,0.7,5423.558538243973,0.7170008381129173,253.67734415675957,8.293731102011364
1652844.4073631796,1.6251533262267905,9549.23670672416,0.95,2536.1821122453434,0.7612140353400896,918.0434131265207,2.058696087447538
2898604.9521312085,1.2087214836088271,4324.738893372036,0.85,4103.150954927721,0.5614529733383585,183.26665310767754,4.5285792162834255
1937749.3685227646,1.7181286184709932,15645.672857187381,0.7,4856.75408262346,0.4708160690384732,2850.271729845542,7.843963696185215
2936890.160977552,1.7251419723058494,17631.298402816712,0.95,5310.808662757842,0.8830534114641149,2266.855095651955,3.0928378191258266
2784019.084013523,0.9564077658467436,4561.670483204803,0.7,3000.3918615486377,0.7472053282210078,90.55937875527603,4.849294314024431
2430410.9911796744,1.3984747402282345,12845.333142030468,0.95,7223.806266199586,0.5594495135072495,1081.1749085521192,7.345353177845095
2964649.4668400125,0.5739809152122144,9150.13024848989,0.85,7480.699911576893,0.7489571541766933,1229.1579356776874,16.57161260309324
964409.6071906507,1.4643996213132873,3438.2586479104366,0.85,4606.823842957793,0.4012867277254827,366.4916885593274,6.807718858063887
189981.00857176085,1.0912501683507023,19372.523599718577,0.95,4743.866792781621,0.9883410249687936,4022.9486075727714,19.11087103466018
2862147.33940239,1.7826104876311653,11825.329074695674,0.95,6761.961095289912,0.7251172760327657,175.80604553461677,3.842390241257489
1206020.1817624054,1.5633024809748401,9969.939056960338,0.95,3253.298163979004,0.653795596565544,385.9816951343236,2.1631761781269603
2354031.371580934,1.0978357318560406,2789.9256748541275,0.85,5832.435743676907,0.9542140888758978,526.3031155585725,8.09243148162039
2776637.1703589186,0.5214587808246384,4135.98283631778,0.95,6752.421246205111,0.9136776237857904,159.35023563491356,19.93451185603818
426197.1471751854,1.7999746082412469,2026.8846138113088,0.7,6773.713587906855,0.5156386350555561,72.71235236373894,10.651326074853426
2764008.391750782,1.6738059076044216,3524.548201250846,0.7,3812.3148265202612,0.5691568165007956,242.5973400206157,3.9326540091913786
1092167.171346043,1.2641825434033307,15244.676784758758,0.85,7790.680352421969,0.9221348380480707,3281.6285527103587,19.42533018589172
2847312.5009809616,1.013584274859297,19750.803618102615,0.7,6817.01231920364,0.6309676806977174,1773.6879933357686,17.431376747141446
1049892.1577243856,0.8351050476176874,7661.156947776785,0.95,2719.2359584137607,0.5520905594263125,386.1338795786888,3.841568176594182
382819.2975343908,1.367676091015781,19397.891785805838,0.95,3218.614245685331,0.7586312001430339,447.98466939037485,3.414331657307848
2229659.549220703,1.2401567548079986,12081.40487243993,0.7,6055.544986613118,0.719698775920497,2157.2851667451782,11.107087796879291
302782.68362319365,0.9975115314846736,16274.740087371178,0.7,7982.207348041693,0.40585171966081857,1670.1532887814062,25.09192122712389
1580683.0831308728,1.0395853183941992,7048.528089408172,0.85,4760.677348424269,0.9252775761137405,740.0458477428796,5.7053234761209906
1438455.673508075,1.0445882921512293,1049.981740186285,0.85,3585.1674001399915,0.47162191403124953,160.04421787930792,6.551512517837388
319310.6194952009,1.705520166366791,18448.79964459883,0.7,4809.625384263463,0.6948387267298738,733.170710554902,7.001480268200196
2237093.150913719,1.6345007259332034,10715.352056090138,0.85,6749.905534518046,0.7306814657451552,2390.790201579718,8.200295708033769
1505677.4400166157,0.5984497269323467,17000.81868657169,0.95,4022.51392258406,0.6483559243781354,821.2751527159853,7.996262614956166
1751047.163396326,1.3952751354453774,4253.1924154263825,0.95,5162.097227309265,0.6351964414531639,97.64997370079422,4.885996175244718
868277.4963114593,1.5439674027663273,9826.387355672141,0.95,3095.093502533074,0.8486158723503399,1214.8920411897645,2.4187471850010063
2210291.5495141665,0.7080814153468223,4764.831429815564,0.7,5724.427538106875,0.4546840661243632,610.1995093228692,23.479565530800937
2446419.8775228364,1.492737991994487,16335.254007791491,0.95,4435.131102799132,0.6619645240218237,935.1854922874496,3.459823844439367
763747.1632467178,0.3661186215760335,17026.45615880026,0.85,7749.451739224866,0.6149722752248785,75.93398550128255,25.273836232927398
184325.93045538038,1.7254099302488908,8645.054472800353,0.95,2509.4453774135113,0.6633230017536557,946.1524941987796,4.199968720722477
156429.00889786347,1.3032573256112214,18250.899268836078,0.7,7446.014312174506,0.6568631578802923,1183.256864755691,24.9444645456597
996684.3665997785,1.7716412395697567,11519.197730849673,0.85,4389.695435889083,0.4876457537706341,1149.081577736223,4.419303037591777
1604072.6257678107,1.4746258692370322,16114.968554245217,0.7,7109.319240418588,0.647598896623546,1365.663290116487,7.614736299183019
2511205.063206489,1.3801165522959713,3072.500285506568,0.85,5542.728657265075,0.857420279310792,145.15132384574193,5.194464097124501
213476.64170008164,1.477294517432155,12991.448416636775,0.95,5289.696666203688,0.4814601847218484,664.3999740499482,12.370510619820152
621785.0827820933,0.43842173765340786,358.4701964222487,0.85,4994.032930103938,0.9603303822745165,42.339284135949896,12.40769825865389
2194086.8134253416,1.7833499374926731,11104.833195274316,0.7,6231.470536546993,0.8405855724698481,260.90770471629753,4.377675186053846
767208.5581307936,1.553302287527674,18372.3803231872,0.7,4791.139300876308,0.7771081377495329,3198.3610009309486,12.051605744615761
1521198.9831709561,1.5088311544480937,18711.224331494024,0.95,4436.882727379752,0.4764036027112841,1538.8924532845158,4.80216564336145
2488381.6675896687,0.8533369188345693,4317.561798304666,0.85,5913.817357396427,0.9218335388609915,118.36053490810176,6.1874412416725635
2809269.3980345516,1.5106751201399513,2717.974576213087,0.7,3525.097332783551,0.9439737508009447,343.70015952944783,2.9377176176449606
1392275.036253627,1.6483332807616091,2869.41654689708,0.7,5227.0713798606075,0.5233479710583953,14.636162161480177,5.746656287161721
710622.4944166859,1.0909761686352504,13714.921427521838,0.95,4658.399569744068,0.8439092043679504,959.6134509120869,6.134272076058473
1616540.5483900362,0.9506900924999063,10674.776643685589,0.7,7044.334986598863,0.7014048737199354,205.92967241809797,12.624304399440007
1782881.143214137,1.2158676508158341,3456.668935010078,0.95,6466.296000087117,0.9662666581154844,226.16755655022965,4.79297565688542
1314993.5033783715,0.5479544911489244,6891.866542971724,0.85,6988.5603003070955,0.45843260880653075,1074.9007899078738,24.128667028591632
518850.5284732291,0.38856862521854185,2936.881956477479,0.95,5411.7943185445965,0.38891416575158255,384.19970064582947,24.98108173961329
1289039.49744331,1.0551725271807506,6926.731234835867,0.95,2650.2339581339356,0.7512267867174045,1145.0323306086202,3.379827438866339
691200.5615434549,1.0892561741184403,1558.4743908618182,0.95,3801.6192718319667,0.6514267277620557,157.28215940323608,4.869374872044857
2366211.146423241,1.1287800434323596,15637.199662570998,0.7,7282.313049121885,0.6212931444478085,981.4517776765466,10.605000454059141
112398.41386459945,1.581258713890092,1768.8280077001593,0.85,4338.822439229979,0.833883877225594,41.40217386953599,3.8502947475904343
2450287.640877214,1.3817876831631501,15525.074401670698,0.85,4127.375790739117,0.46804861147349053,1661.5958327800327,8.764086014728806
2083829.960043127,1.4195137002379328,14482.737104159447,0.85,5086.156727099378,0.7437997353800901,848.317160826429,4.126575312868757
1027366.060487194,0.507236260187712,4147.4041881893945,0.95,6087.48572727443,0.8836944298734514,78.04370632698479,10.827211053515052
279175.82329259795,1.6967878309692632,12558.487647706706,0.7,3416.2023444603233,0.6852581964962798,788.2023434150941,6.124097261330791
730286.8902978743,1.0030965005234105,18652.5458240224,0.7,5568.981012144883,0.9265539112469195,1715.0103216999382,15.166091449020614
2741805.290100928,0.9632863954428607,8561.996851559677,0.7,3342.889013170616,0.41662167895552915,1369.4438192943353,7.621201997664937
2738244.7399122473,0.715476029878811,16134.98461207612,0.7,5443.773119479744,0.8953103297838573,654.1020379509982,16.062267690821862
2041062.9776670379,0.5599420602532846,11790.593651342404,0.95,3195.5726784887243,0.5356045760711133,2012.1831164878408,7.973477264749157
132163.8370762493,0.39810063517949296,1676.5647585408901,0.85,3258.760628805011,0.7305099362910596,71.859611053133,9.359207751096598
717207.8565010591,1.3124531804637969,13640.090177433494,0.7,3665.219102384597,0.39830621119392395,1572.7411785263964,9.23646220038753
519856.7697006952,1.107298402231307,2605.2259227082086,0.95,4768.666310939297,0.36970389344996485,259.135412026475,9.81867326077255
1189386.910780898,0.7042822901616843,7021.646373941116,0.7,4131.254124417229,0.3789651339120336,962.6935426635368,21.992199783147605
1238725.221234635,1.5954549089054137,12439.439644394186,0.95,4221.598235203366,0.44080156220492833,2211.681499629882,7.270731550740199
331890.3713019947,0.829500675842941,18715.770818079625,0.85,6315.8040886317085,0.8962727539735453,199.72121733704785,9.244695259806306
1561715.0675728747,1.7590641518627192,15237.341387249528,0.85,6150.829170708284,0.8280485577023433,388.34685121464685,5.612653133074433
2753360.415020151,0.8476968519035502,16584.830453751343,0.7,2854.1446938018216,0.8471146318382656,148.2395555212645,5.448176507163992
2631017.0907990797,0.509511078071725,14476.392996929488,0.85,4514.148875301896,0.6687180684157543,295.37386666895225,12.07964972914392
2380925.8505303264,0.8371654625730822,1574.7518079069855,0.95,7823.271509635624,0.7737359206005905,322.87261536932544,14.077145742411467
904208.4053139186,1.2537495491832042,16366.382846461542,0.7,6724.8365979704895,0.7562167356916024,1203.7251480515463,8.830116571071525
1642055.7358254576,1.1384090088390706,8357.354290946922,0.95,4440.410066987189,0.49607505788165746,935.3279585570224,6.000886600800424
2766876.6077230773,1.6118378125081616,14081.532966654504,0.7,5519.749258925467,0.9257541631662757,1253.3104322061379,4.267662910636315
775848.2837626293,1.5063266632334322,13852.252914851399,0.95,4046.9732837388256,0.39485921084000236,542.0710507660079,6.1358357896573255
1260256.3135196532,1.5747389603895292,8692.341190722957,0.7,4688.402583775844,0.6563658691968897,1478.3608355730826,5.443448735829504
2630990.2405755618,1.1512800945378132,3211.162768102645,0.85,6565.714896204998,0.8182459852513937,387.0844701254535,7.072922859172742
2286590.784008414,1.4685537291564814,13987.357741843316,0.95,5081.679576930644,0.8809149533641625,134.88928385637658,2.9771218516461864
1838297.0112705068,0.9613894121605983,4062.0170057722225,0.95,5405.669644662556,0.9062814924530367,924.1133151494605,6.501009101455867
1321586.598715646,0.7584271737935582,6638.553564361807,0.7,2759.389928934353,0.3777346456127299,1084.5211050705932,13.42772843291486
2109884.2108542565,0.6772508517267625,7192.763627259672,0.95,2516.757141339724,0.43342933114118676,566.8084556329928,4.474353111453566
2610763.722659782,0.5590727230243525,15898.466758027773,0.95,2698.7059688894315,0.7056467855672015,1476.889480647582,5.340728382716807
1266828.9706519293,1.0639641275577953,18010.39240705317,0.7,4678.213555611172,0.892075635539523,2681.1271699960653,8.443075055558843
2332828.8697984624,1.2267028996737603,19765.99137214381,0.7,4866.139384238826,0.7503582276958098,2002.648076860398,6.130189061791339
2438878.655502861,1.4224327914105812,15329.79320048973,0.7,4861.32318365769,0.6134154779607282,1294.3987020077188,7.880622401032872
2961783.9734940184,1.2826163951308038,3636.1879721687346,0.7,5810.33173614244,0.729916142718591,704.8757793904485,7.390496691150459
2096301.2814629327,0.744515533497395,15436.667009033687,0.7,7902.549728457936,0.8597284662709717,3198.3379430194886,20.718304382067096
2287497.21707244,1.2246744209897256,10425.857226474758,0.7,2676.859811716713,0.7578546716033842,325.90287188014156,3.413756063067273
204443.31919557616,0.9721577718568093,4906.633501970726,0.7,7759.573531883496,0.6680149230566479,985.1579222908234,25.00434757848045
2488472.3609241303,0.43632659479747216,17431.38379643846,0.7,7005.4322452659835,0.6920351769243606,95.77795073113373,24.955381871047496
1201834.146587816,0.6274473217576356,544.181441726716,0.7,7571.654578261832,0.770519700671614,25.453636961010865,24.927653281721224
1553224.6525846426,0.6890684071981894,12864.724012184644,0.95,4887.104602358714,0.8491080269170704,9.267190282128567,7.852100804256999
86686.65984077685,0.7171094716402862,276.2918152088974,0.95,4795.5309202605395,0.6341030794288676,11.52565179713126,10.937889579757762
1384689.8113577033,0.9101384833007432,16400.999614877026,0.95,4715.83161202548,0.9719811820311344,2145.756800805433,8.4627065051847
2043587.9051415576,1.1331974168362056,16554.746597552454,0.7,6629.495885025155,0.569977946113351,192.5139351254781,9.987479500995208
1603450.3880946185,1.5221844766777832,7963.218015482723,0.7,4321.011530045842,0.4458088440939546,960.9329826900982,7.848857642338329
1299858.701988467,1.0487414679926799,2978.3462555259266,0.85,5368.283454840517,0.649292422819914,16.477108326308144,6.952022724734689
1524068.6106390534,1.1100699750649858,1207.2782761817089,0.95,7510.537991597378,0.6060221434000281,23.8380170600224,10.277291954348652
1874175.3997835328,1.7624501744957226,1768.116791826515,0.95,4636.0154094771715,0.7234711137332336,60.681501639881105,3.4015183322127576
2879234.5491901888,1.1211012386744095,4896.7476007448795,0.85,3842.865627698736,0.4211953190474147,1.8423842247195168,8.048843797767194
860033.6560616958,1.1139394498665065,9800.847119191956,0.7,7570.348972073076,0.9510781633571687,1197.8353527815555,12.791472834389602
1366529.6547562713,0.676899360418146,11344.21332187018,0.95,7315.66424607522,0.617624914507034,1845.9918989525497,17.73212995643117
1398891.146078272,1.3189482083465025,6003.444413551875,0.85,2981.048130493222,0.3594185872266149,246.57935637024374,6.47146167504852
2912068.355730422,0.38912831821803195,6966.631718788408,0.7,4537.059954371917,0.8197729012959418,36.17011532353091,21.232763098519495
2215379.140414432,0.6634689981874686,8168.198252066692,0.85,3743.1333406468866,0.5777905964353391,1062.2937032566997,8.200714184969101
2028371.9539900632,1.2740555379332652,13279.059687849118,0.7,5344.456123905515,0.6572704400209183,1060.3108639108789,7.265041026317449
1687462.3702636713,0.4624689214291647,9501.206766208528,0.7,2660.4005819099393,0.8274445553977159,11.378071705145732,7.684000589123985
755767.7584918167,1.6248750929792988,13543.655688411265,0.85,6203.042215337155,0.8356246566973408,793.7531434630546,4.879753579799083
1185710.9177491425,0.5111534070434958,16644.935560977112,0.7,6660.561521774833,0.9643358253908446,1895.9251035520283,22.73312596924564
2313279.570714661,1.725231372150211,11119.86567155103,0.95,6981.50386790504,0.8788858036731334,759.451444501272,4.17486312161183
279574.12544017786,1.1077987131962101,4153.845032185494,0.7,2856.433190947446,0.5635879956220383,286.2676453303157,5.779396733911969
391289.0686991477,1.0687594362051627,2948.819226918364,0.85,3406.4971983372834,0.6423160939867363,178.0157461653031,5.4827930194350705
2745376.4793237005,1.4119890507460249,1512.1432372117317,0.95,7481.349725766903,0.4135246192698678,136.5856324900183,9.692053836387444
2146431.5945145753,0.9224331384900973,10792.725575351773,0.7,6767.658064166338,0.694045240443647,3.0038222020526586,14.209003891752596
650170.0417128496,1.1767837864740964,13686.95217844495,0.95,4814.061104388619,0.7249108274371208,1914.0021765768945,7.28150842571821
2195316.6917651896,0.6385609556459415,7337.128395392236,0.85,5375.193368408945,0.6136138599817027,656.3971303365358,15.20030136657652
1244339.2884798946,1.2881498708071089,2692.908272492434,0.7,7542.250073983171,0.4914391131340794,446.94982101410653,13.094246679083168
2692960.5219077175,0.43432990113829084,3951.5056748484567,0.7,4375.992550383185,0.5232456711176643,323.50557648208513,25.305070368877836
2641423.737276918,0.3997534775284603,5390.808623577739,0.85,3153.903746521363,0.9646667096705928,1186.8470686695582,10.538130076686363
522758.96249486814,1.0599864759533983,3376.590923889714,0.7,6061.6346992703075,0.8575441324961335,484.1594924747128,10.283307063560933
878778.6886419049,1.7522938005650577,16244.710828203117,0.85,3197.4124350449,0.703631077067582,1040.9330024354176,3.1346372913423886
2503798.65520701,1.3955938539805137,18150.24740526365,0.95,4619.657305422339,0.5930002904260405,2108.1839999446292,5.265126282998775
426712.4502759752,1.571092634533346,7932.740186707377,0.95,5700.034166805204,0.8527602144609198,1000.0907940126302,8.92549710314259
1097202.088310906,0.9288648697264685,3427.5114824129105,0.95,7172.728479686533,0.6719756397815401,228.68477611504596,19.001843657252508
2182919.9459137083,1.4528099412551354,4838.955393814503,0.7,6539.912860954904,0.3886038968075821,448.51827687470006,15.806893898749454
1965751.5686554278,1.4521546328008377,15539.510273101912,0.95,5319.1818517232605,0.40861017345852346,387.5163550307739,6.880858498211475
2632655.3917578124,0.5301273453354757,7383.018259389144,0.95,3424.465580417344,0.5813854348679648,314.12657112980446,11.6042838856245
2414691.6564550376,1.44018337757859,13914.058397015631,0.85,5370.350618651305,0.8183542145603123,1572.5158461265155,4.6307575005687305
408955.34795070684,0.9057042065010918,15251.290868913318,0.7,6118.116538140886,0.4958217862601582,1780.3437985588262,25.021730525775936
858362.9979144402,0.7412684673703809,7908.41070255012,0.7,5987.221364815359,0.5273051449817963,1442.6617422648799,20.25160186265419
1959096.1831663735,1.6839140586929773,791.3521934164509,0.85,4422.408598956947,0.8943293893077504,27.792088174322853,2.8729774830896737
1749862.805175626,1.7469853753666351,8248.525307181808,0.7,4099.158786279337,0.5597742676065517,1390.1633265919104,6.208263779378533
1617283.3290860732,1.5784210798759686,11764.798884968606,0.85,5153.125414330592,0.9657137527962671,1992.9893986609036,4.382438400675649
2674193.318491059,1.7875725128518107,6273.992455562698,0.85,7764.458918704406,0.8514514758085152,183.36521635260968,4.116682487172313
2859335.465649402,0.9144623197257536,15507.947391805097,0.95,2670.6974087807475,0.8202079857295723,760.4338759576758,2.925914214325378
2348571.534053596,1.6062100861106172,7379.301815809648,0.7,4232.370533463538,0.36556563863777874,484.6401825976552,6.207741286793176
2059353.7876204408,0.968522046547883,6996.081590285287,0.7,3656.6771230807144,0.6862835895916664,648.863872469918,5.184158225754484
611548.3657134837,1.6011750847214854,14942.974160353373,0.95,3796.8316530022503,0.6203735053207889,531.3651061304952,4.9095255709259575
1099288.3169701041,1.328991128106069,15902.847929334177,0.7,4401.989445720652,0.8435920120029654,1108.645050508677,5.393083757128846
513677.46885705757,1.4719835227711524,10844.739705688087,0.95,7822.396182687034,0.4260635778139289,1602.660520144543,17.126719278416605
957313.9660193883,1.0810070409475463,5232.193039700534,0.85,2715.919668372812,0.6108107871273334,694.6599457188582,3.405087107921251
1608080.5695253958,0.7536809882177333,7317.574945012506,0.7,2816.275015385619,0.8880834454820986,228.87889376481806,7.844044288172975
258773.21422786012,0.6951716718411298,13866.795388129123,0.7,3254.827229622892,0.35726156837708756,886.1993791494455,13.222508929134817
2366806.912424659,1.6879622680655526,14731.179464637558,0.85,7802.9648202791805,0.9394825777237895,1528.2297543533493,5.266416741118302
1070442.7974020834,0.8085493857556587,14097.525738045946,0.7,6066.623157130363,0.5510307825140814,2703.2727965285803,23.26004744143841
475896.00790489913,1.4439308731563152,600.1880377887851,0.85,5459.404865403843,0.7531484203585488,56.96397789788634,7.220356171804246
2191383.9017469604,0.913001271152498,12409.567477604298,0.95,7469.968734973776,0.6849883404459657,394.2197549392448,18.512999416959644
348904.35065112927,0.362317950344447,13578.92632488881,0.7,7736.08473756601,0.4301164763753976,1793.2038346455483,24.962528150722928
436205.4621240853,0.4797827223877397,7202.938775040746,0.85,5362.389965991275,0.5643624978883018,432.142848216115,25.360255041392968
1829286.4030854527,1.3625203338520193,3302.3643981588234,0.7,6849.453898506495,0.5551822525282863,249.90644265935944,11.274949854452604
1161173.880406399,1.5630522170171832,9355.65052998725,0.95,7287.925372707348,0.7309185872741605,268.7724653524446,8.513438338915094
906200.8557459285,1.5645590510740552,2084.6085696587015,0.95,7845.615722848225,0.6465519997323657,134.75178592684338,9.130425245227102
2946470.48483919,0.4992180456669611,1381.9943558397342,0.7,3806.5415375658495,0.6319717329979561,129.720897492978,13.034515700253968
948322.13066326,1.0578554511028209,16921.56534530258,0.95,6407.986661101213,0.3975572794092049,1248.116809324872,12.953753915840739
717204.039426101,1.102823907449023,19600.75142225752,0.7,4945.397828641597,0.597913536755263,4559.648213258231,19.970461633269757
122440.19668358793,0.3502749976014542,17682.601597635166,0.85,7769.7261769372535,0.8621793642648311,839.2561734200569,25.135206615311414
2661044.8357249196,0.5558224176922751,8559.518354540356,0.7,5925.391874881465,0.7861346290672513,141.49759576180577,17.96910420465992
103260.08701016518,0.35436362351609896,9600.11422093602,0.7,3474.06042812949,0.8988372519453346,733.3241300290244,24.993546097455916
90399.06239247695,0.7160082359245068,6851.287848987964,0.95,5050.852367440283,0.7175377031178363,39.63064031063079,7.656288986514979
2459092.92451115,0.6493134160539371,10733.37502736144,0.95,7174.641993486411,0.9634963317994208,658.4387865177307,15.754919891297625
2303788.1455112975,1.696511839438561,4597.595261464279,0.85,7366.1288404705065,0.9105805237193612,157.1116496166649,4.495018501915697
1558543.7914883294,0.9541063893736035,17774.639113565874,0.95,2940.266161202716,0.45902595109001687,737.3421450326953,5.7960735148398355
1771292.6924330227,1.5895964433045338,860.0681429470047,0.95,7888.608279791037,0.3645520665413014,2.9469344257254027,19.59489191873155
2589355.984853288,1.251773756697547,13101.823074675078,0.85,6431.439705108969,0.6579131008673187,1619.7094337117946,9.2136165175355
2127359.5698892334,1.2314275707491102,6147.2670970196505,0.95,3715.6727092627825,0.8068403923749314,296.1724264289477,4.485656253087058
95961.17864108471,1.1346947208637914,7668.116922534222,0.85,3712.7069062301803,0.5652899671909335,1282.872507012087,25.249061790155633
1718652.707711152,1.420311381530111,13138.907714142168,0.85,4514.334099110107,0.5130322565391442,2735.696101035759,7.875471563007076
2310163.048847238,0.8580227918714829,12425.236912897692,0.95,4054.8349434436045,0.46107073841010615,1331.9929499284779,6.734697432369834
643967.2191852039,1.216933687620656,1459.4137695118277,0.7,3946.363482619371,0.5645992859801344,82.0246236039914,5.368607035660802
373851.4933999009,1.5929617845399795,16947.92882680216,0.85,3312.0362981826493,0.7844742286168647,3572.6687110707708,16.334682184620366
2006493.4700799382,1.602363450878313,11237.716183617265,0.85,2838.0376121634454,0.8718887228186084,733.293461178281,2.435709706715
1257070.4746019014,1.6849183269940071,3779.6160701623894,0.95,4445.706764238256,0.3986987969170439,19.181857622218168,5.6815657012230805
2987870.2297924925,1.2155946110919555,13267.597073259756,0.95,5338.264044026603,0.4437930632205292,1812.5496750969578,15.0876922388967
1701593.790934492,0.5781519833272475,6035.707501555189,0.95,2628.134397641629,0.6860926477112529,143.38726320032447,7.174364297650454
91132.83439963165,0.8783777116069165,10400.5748236612,0.7,2663.80366259963,0.5193779692819409,1831.836618060689,25.06258748257486
1913029.88187738,0.9887430926591392,7579.700688646147,0.7,3429.453955954282,0.5071080143083866,3.008923459862198,6.461647342302815
1473633.332649232,1.0993802613665695,17813.5407823554,0.95,3100.70809232284,0.5334038251321243,930.4058824699099,4.758895849887659
1235256.9194234563,1.0320865771027286,9427.21871493393,0.85,7952.076165172252,0.6074172578008004,608.3085239906391,12.062493754794673
1591058.3979267408,1.455757568308453,19874.422309173184,0.7,3637.423454828208,0.9134459840354597,735.6727541458282,3.7885029291197747
2424602.455156115,1.006627061181723,12305.387017604626,0.7,6431.571622975806,0.688075151935299,2401.1819333777494,10.599360051413914
407471.5774822368,0.44389003851512726,4120.2772161583,0.85,3721.590751131801,0.9511465718989216,719.3991910003499,9.590545615110187
1146405.1744085024,0.6791579564071026,19858.827353014276,0.85,4911.104832120318,0.6724772586805878,2898.2772977727004,15.080890723223847
2532479.0895498614,0.9959940888431916,16713.042850285474,0.95,5407.384666588869,0.7884642622378985,1656.7595776101703,5.5797308472813345
118454.51281248691,0.6984930655169062,11311.119929561275,0.85,3630.8095391558154,0.3667849792384792,645.0451040470855,13.341612374768284
1727878.0068361156,1.2481539538569013,5504.485104159254,0.95,3585.1194087622653,0.769153312649784,257.6054572563634,3.1477890106265884
1068749.724796142,1.2267977962043721,11306.893333336488,0.95,3124.824062886804,0.43905978297748594,1926.9693353330078,4.219400413845558
2449650.2023999547,0.677393309100997,12388.312764838372,0.7,6633.710744485343,0.7768433019913219,547.0685831640528,20.077292892480504
2329994.695295513,1.130926286541342,3914.828206876015,0.85,4156.777615985526,0.4388384549527371,207.2142340977515,7.44071349232295
2973981.4400009457,1.522139276078684,4748.075577702759,0.95,3915.3295864460506,0.9629452144269829,506.87246159356835,2.7350149679174804
1350984.119710608,1.08369126928849,7252.334772100423,0.85,5269.152950484101,0.4863993431004091,787.3081583690508,11.46550133993735
2937204.4779517534,0.43969913908102,19480.596380913765,0.7,2878.301483594429,0.5129506127809953,197.54252325898653,11.42056371915358
1416530.7473805335,1.681581933888936,535.8173905044141,0.95,3932.320074628303,0.807463360490329,27.974882032938048,2.073747279807773
2297706.4635933503,0.4527981410768054,12925.507623193178,0.7,6286.191294762302,0.6641611936241709,1684.9735805119253,24.87570917072867
2315423.6729435297,0.6253628388366983,3031.501265522715,0.7,7318.467529138273,0.688031623487174,175.38287426205954,19.150982775066346
1660128.563626411,0.9421315538688969,15277.295598911824,0.95,5453.116467600304,0.5816517236674664,145.4979213065049,7.911852044815163
314045.2446962329,1.342180686974375,7721.298800034994,0.95,3505.6818996748652,0.49846484395867574,242.99099107853877,5.950417582706714
108958.42967428945,1.6261776389352227,1020.209225073683,0.7,7047.591567824123,0.40018361050135826,59.84729004004339,8.980407783873579
2105059.3894290887,0.8082941865980412,11020.771649243206,0.95,6146.229735976449,0.3858657249191009,939.491987913289,15.883209070802563
853650.396980589,0.7627231209313794,1419.9307603714017,0.95,4259.16486643033,0.4512679369477381,163.3640542840588,11.921940034129006
685175.1962616396,0.5670364417663504,3644.7880482688406,0.95,7978.906882668587,0.9900702893366577,310.2008600931989,22.68839374551036
442015.23432781093,1.4639783826586066,4849.246921616106,0.85,4388.448013651951,0.6173159770297711,331.59962546340114,6.1845893350881
123904.1107654813,1.732451368675667,9582.25143359785,0.95,3710.0076634221114,0.7141659582562342,1109.7116246253188,14.777344131065965
1932110.3756395825,0.42389341832437766,14455.186610688055,0.7,6909.231535061797,0.7877022694359546,800.9876283458526,24.9972042799722
1967764.0781102257,0.8476383925393913,8967.199091205004,0.7,7577.4613495914155,0.5153823616707015,654.2489566612221,24.52224365958521
1724090.0847943665,0.6873670720726448,10821.152851134857,0.85,6545.192368429833,0.6372802064492034,2059.7772865576276,23.75841616983836
1946072.005261377,1.029970457223222,19509.067835625956,0.7,4732.438193119926,0.6297774742118503,2000.6748556350958,10.005713079680413
2081577.4943552227,1.7814039756407634,5077.506128203797,0.85,3648.895487743658,0.8616305496948591,121.118051792181,2.0892222676563916
310782.1172536859,0.6711654445910527,6320.21061862819,0.7,5551.834457391908,0.8822891711980299,76.57737605874453,15.86191513776577
767192.6850813391,1.655251965686249,17897.013544921112,0.85,5678.271346671769,0.9997408535362889,3410.813401966327,18.7804954790627
801960.0047975699,1.1434954553261187,13986.756854365442,0.95,4229.813145301658,0.44880129558646026,354.03944894396744,4.803204194779667
2389695.7952603525,0.5268527326622421,11633.580476303432,0.95,7177.4966157611925,0.9504604709511268,1506.3709626836903,16.030875603926358
1035382.4763088851,1.5069982269664788,8318.09034169593,0.95,5580.030377691639,0.44199529554593137,909.170925741914,6.358126252233852
1384006.125325992,0.5172527503344004,3225.9371339992003,0.85,6384.5824048946815,0.762163336769081,59.403665888200926,17.734257267625075
424155.4362334352,0.9449631983653448,10407.064434073167,0.85,5556.835122376908,0.7844705811725208,140.02062287749342,10.994123175463496
2962778.146810669,1.0108519741642108,10766.94330097252,0.95,3901.976930101283,0.8379707205153191,98.38669360470217,3.627959621475344
308764.9302081925,1.5645283456361527,17563.276477011073,0.95,4620.784908205545,0.7605336711704406,2612.5601835873013,11.532839089969556
1215282.3693046158,1.3640469572976128,5945.9030152119885,0.85,6071.586191879596,0.6239432701084804,59.39985987658922,8.12956600091758
1499722.8425150882,0.47961363363544907,14390.038109617413,0.95,4678.909794290139,0.4570096840788406,3459.3152842676745,10.893040909415323
2505924.674463607,0.7743172708746003,3651.7748817270312,0.95,6498.5625324691555,0.8850302871130732,28.956063983893937,14.475264357588031
1645963.7267426574,0.4188445991466285,18281.763577770365,0.95,6349.81657343002,0.9009369125682252,3043.057095474636,19.034374831493157
2770045.420394869,0.8631501846888423,5592.047002717253,0.85,4212.867321694968,0.5560048937762391,342.91810753605915,8.911052022911255
2058285.9995803034,1.4308949792577343,4914.254310900818,0.85,4807.307378899863,0.7898056046287891,133.12474880084548,3.2968056762361417
1470446.571293071,1.3782832632402795,14111.70976553004,0.95,7372.810821932469,0.8860054297766298,1158.0189572638035,5.029811518774247
2769846.873840168,1.4463354619766653,9749.716844703033,0.85,5387.651194597456,0.9256600175900097,1313.8482146255437,4.143905517105844
965692.611564406,1.4176342920673597,5512.081599125697,0.95,5209.0194722921315,0.6534607337097585,41.84922907668119,4.2441891145916975
2804797.5585466847,0.5645142971503319,19589.924784634743,0.7,3163.8743454621067,0.9852430044121682,198.30677758756295,6.1948186289820875
1999999.0720699008,0.641302101857663,15289.93443466772,0.7,5947.913532960755,0.9678607974630021,2182.137488160782,14.375961648983669
442506.38224646106,1.3767074503579768,14524.943707182436,0.95,7976.718584446716,0.3879961648822496,1534.0058954821711,13.38298045326627
2002108.4989049272,1.4089358204575908,9985.286408782378,0.85,4709.898999483094,0.41475193711849756,693.1488330034774,6.815312794781237
551047.5053864256,1.4467012920318632,1520.1491826751437,0.7,7894.644694954372,0.7440386727776234,170.52217932204542,12.596727005345391
430979.06717277924,1.181287970839981,9096.893729119143,0.95,5865.6340620440915,0.808195222729704,747.4785661242717,8.487599090323751
1037413.7138372939,0.8068961967269288,17782.74520279075,0.85,6033.455945805321,0.9684463282949873,509.75423541965506,6.271544042282767
2570813.2706642593,1.27580077208234,17603.593990985595,0.95,6896.514154975136,0.4767924965915513,915.7676164411072,9.927151316976968
1533929.2120571856,0.5516817879485968,15006.245589907183,0.85,6338.453034841192,0.5173754155966919,1761.227975316524,17.955851635916343
2217795.2984222583,0.9932941405147895,10867.523394717691,0.7,6754.69953160484,0.9249311835225985,219.97597374808967,13.351661307297329
2885090.6000697166,0.3923062975785032,14556.14025109757,0.85,4374.948817007919,0.889854655020771,2317.3992454190507,14.168457512315758
1238451.99475147,1.5929894156607194,13591.826823258581,0.95,5754.589860943061,0.6574692511101428,762.3507170099949,6.487804959480492
616071.2122535824,1.5983009063724922,11899.006168308795,0.95,7151.792480222789,0.4220765869874876,816.052406456249,15.238736970921629
374034.3250311005,1.5354713064411079,10964.635349620401,0.85,3660.848977401656,0.37455857840766926,1238.0929689007362,7.853149015824066
372161.19474302925,1.6264092096580165,4176.77937145874,0.7,6263.540904165536,0.9659767326428836,318.64211928463243,5.3533372795096685
2827548.503433356,0.5581642542171414,1282.8146859240717,0.95,2749.842494811666,0.44946248610432693,105.5470420881868,9.423889690520289
1886748.2844157452,1.4502725724695171,7100.448869279276,0.95,4456.573328420811,0.8616031184271762,1187.8478655522226,3.085514067058981
301712.4475826635,0.7869205353775659,7382.956006546197,0.95,6398.883651500746,0.3520464607773991,273.33106688214,18.720889803066903
829718.5068154315,1.508914234854219,406.9526178491597,0.85,4530.679931527091,0.9949015908986809,11.72876417861893,2.577851084113187
507689.077707785,1.699309092236558,6256.693528121516,0.85,3285.679879453896,0.4886184290899869,750.753527760606,3.9196928138090503
1621928.5083492422,1.1788839757460199,15479.306766623327,0.95,6826.507965677649,0.94887290567583,1767.145606369693,6.727728857586486
1170545.34891096,1.2037466795837797,4796.0150245515615,0.85,6063.139323135072,0.8888544326924596,224.876119338771,8.050458617877723
2051150.2002810333,1.4225089701367266,9251.356232782127,0.95,7400.613329031978,0.649292926600292,2209.252254080792,5.821173139851385
2112858.351082285,1.5140618706679545,4684.294067566311,0.7,2738.479216063103,0.831911866285373,570.5218016477737,3.5056484049292145
887257.060866781,0.4688338410214793,1443.876763204965,0.85,3335.702732738107,0.5224226818193631,179.98942303115624,14.525714188040332
1713226.0265455022,1.3037711203236566,1972.9896919598525,0.7,4425.531118240687,0.3545068319708514,293.31258009345487,10.964866750702706
372124.70005629474,1.7829614509699123,9249.059247065778,0.85,7176.729852255977,0.7064492358743073,478.6690687782153,5.423794512179542
1107840.2772129774,0.46974922358780913,1452.8730889775218,0.95,5080.733273270719,0.41858437823524286,57.35764416808145,19.544409249959585
1884178.5486946933,0.38881388502470965,3928.8649918794067,0.85,6210.270238283714,0.8171758862816462,305.6310664941344,24.968311440009856
1179316.0250418654,0.9242770425396738,18255.858342110692,0.85,5803.816420596845,0.7569109467115269,2038.6457319197702,9.121852974696424
2391088.837857302,0.5480456174767911,1069.424335609745,0.7,6527.425323633086,0.3614847172339179,213.10020321312433,24.909395069883747
1664857.6653150688,1.0797951156911074,3282.2011637109963,0.7,7199.277940639503,0.7646581505228178,344.07416702991566,17.69521002455493
660235.2456910049,1.4937075028392321,18605.786954743504,0.85,6856.027350688201,0.8071020614771073,101.92064254145089,7.6770221401884
1453947.0202045552,0.45918399315889213,13833.51219903126,0.85,5155.8074773927965,0.48561075392195774,3046.5027893840124,24.74849698113514
1097605.0119483047,1.621076171913002,13121.784396985917,0.7,7836.907288040395,0.3552714323151906,2809.979684034623,24.86131378216121
203172.64789629666,0.5930736113849586,14513.655437877507,0.95,5412.266259559241,0.4764038996688973,852.1687753089125,24.702635535878184
1135181.35867099,0.5188141170907753,17477.428067190078,0.85,4270.177694910191,0.7386002060741237,675.8702138553621,8.851454668077055
65326.80457237034,0.9915503077718522,4075.3604492138297,0.85,6619.599651311404,0.7502276490162921,179.78966376742238,24.017202800513648
2111615.886212332,1.575642937234793,19858.6334812332,0.7,4992.623909774755,0.5587975346762599,885.3666749196642,7.785930310460564
491049.2365298004,1.523499351887485,17742.23564582341,0.85,7475.970701515077,0.43923799506448397,1305.301028228117,13.432693074336749
2599430.1418942753,1.1089997573065058,15120.43740770008,0.85,6845.116855804645,0.6051009157571268,1501.411485235191,12.693273664051976
908057.293781531,0.7444119499924995,2789.526678643535,0.7,5146.49242555405,0.7966304251476921,270.08188384856044,8.696664340142483
305458.6352342193,1.6522947077103494,9427.588762121477,0.7,5886.665086296589,0.5221193712676784,1372.9455647966483,15.52988119381953
1022739.8764574331,0.963244763356026,9986.541282436325,0.7,3784.0084729475248,0.5409980233588725,287.95769373947684,7.049798235972797
558613.8208538841,1.530231237847104,16316.99685520965,0.7,4334.604623136607,0.47675990824612285,549.5612414270261,6.452509672106615
2451639.9267717064,1.6793099887475944,10359.293551662357,0.85,3171.3379534563824,0.6067685519039939,364.287036932505,3.1413275761393575
1334450.222422925,0.7902983551423384,4521.010667089584,0.85,7911.053775080247,0.8037850109638085,220.26281678015883,13.206617353845873
2210398.19898032,0.4888989060765828,11343.273175130556,0.7,7763.644109377999,0.7568378413766841,181.79992618857094,25.078098758860268
2900960.642917764,1.3278942006480254,17658.615342872166,0.85,4223.723655530651,0.37052665544458996,2132.5348810136857,9.56165239820788
2344089.8241087715,1.761693624665417,14224.32611810683,0.85,6476.5353833402105,0.9854897345474809,1779.7011158777566,3.4388082344023867
2247489.2000334263,1.115046904954017,18786.169442710205,0.85,2925.2036988342716,0.7284420819045241,1623.6356370885433,3.0152715257609395
2311317.7985376073,1.0987733600923055,3286.969952717131,0.95,2773.8987461098864,0.6716879785260554,324.3659651043305,4.2726765556825805
2249018.627632366,1.7469881254283783,18895.52974031001,0.85,4256.340183056647,0.7605452785907737,4599.519737869319,4.945095038162056
230957.84188102407,1.576486738084955,13135.121033006057,0.85,4023.6809465453844,0.4387528102293163,2767.7050855431157,12.338628221229486
2742325.1049016244,1.6701200980703392,7158.034144734868,0.95,3735.5059474198492,0.4851591352258551,403.18847770499474,3.849476036587899
2352616.765231628,0.8558090514683603,9304.127820078942,0.7,7956.709640005654,0.6575447649863273,824.6600348282767,24.944791913737834
2814544.758340275,1.4593451038499126,7772.510800125025,0.95,6849.571447778133,0.4257811690480616,288.5586949152615,7.218776260409231
1565951.284701,0.4559366684381573,1801.3174961667828,0.7,6214.109750688579,0.7557500293917823,208.23392933718748,24.881809372127158
1645051.277490513,0.9171571472391669,12484.657519915121,0.7,5566.898372977186,0.9361487796599343,1725.2153842650393,6.957632307814476
1337104.741000943,1.6749230821392933,17549.214824902163,0.85,6693.130234316313,0.8245868657466824,2006.386877682806,6.406109619356349
484322.3587055633,0.7205125680468956,12875.96718604818,0.7,2682.4301940550154,0.5881325043366495,961.593207707514,7.62986205210827
1859246.0150100682,0.3737630252905183,4266.055558599944,0.85,5728.390245910235,0.703844568408976,30.39415204204339,25.141674813936554
693332.3125980202,0.36046403405938365,13651.535118026393,0.7,3313.33213750771,0.9895902193338312,3587.538409413574,25.117030272874793
674944.5182251041,1.4974800936338393,17982.094475294587,0.7,5179.991439055181,0.5180854644513264,1022.7576635156885,10.58437041838291
478324.88628404465,0.4046046504018175,686.8810028329185,0.95,6590.071107928894,0.5479103261591032,8.263745972480999,25.07567791858086
2926951.181322811,1.1765700267375345,16027.496971673976,0.95,7917.934588004512,0.6149503196375199,1338.5844393454797,8.314271802353934
1419338.3596422567,1.3426333540310549,6796.076341483149,0.95,4224.087220826723,0.9933511401110959,74.87680117716019,2.870951221021179
2748137.81944851,1.1862596954726143,4540.292288431312,0.95,3641.037130904583,0.3914426291190515,395.10270726443144,6.173548597567178
770093.4702918257,1.4973265260274489,5426.183363706726,0.7,2899.6231217042214,0.617561975072701,38.06494568995195,4.576223290698195
1706905.3190786778,1.405000517745783,14171.989888374537,0.95,3314.9932995078725,0.5946329598698703,775.8796843107834,3.6345834487070108
746857.9460466293,1.4934978369250285,5175.700333715698,0.95,7185.043033753556,0.4696220981595157,651.8437462311521,8.982543401846018
1670724.9278358805,1.6793361575723136,275.69435173090886,0.95,7318.081379455604,0.4483121879294836,36.80769518027005,12.880734500505703
2098653.19777516,1.5691385254132935,16926.478475890217,0.85,6740.25194452874,0.5774850279033612,2194.025149748796,7.604927377091688
1966696.6000048586,1.7081285668404913,19945.355194733464,0.95,4316.032131885817,0.800133428439959,96.93571294048853,3.632855282682905
2408151.742844671,0.3895273462727431,12554.04326512086,0.7,7245.616559112293,0.8778795138613749,1296.5007587438322,24.82282410911031
436513.8342574438,1.1329534690576648,9189.839633853262,0.95,5777.867951856133,0.5849252157405809,1542.7074936646404,19.59775513392456
82053.200155642,0.9697821731347278,6293.0713925859045,0.95,3289.4739854145905,0.7799143010184475,756.6337663482643,8.777901844781805
2939120.7175139915,0.4324141496321142,19255.015236039937,0.7,3904.4702412691177,0.9679299774334611,1381.8173536612433,20.096390012366758
1183431.6669421678,1.7143662017755306,16998.322345178694,0.85,7889.741646128801,0.576942220839814,2019.5646786138857,7.6732993816396515
2064576.7204920498,0.4823095529828697,15122.841175007881,0.85,3869.070450747561,0.9889519446802761,1525.98142622473,6.541657180839166
1954308.3310062236,0.6883961844280041,6718.277613522938,0.95,2694.736064128889,0.5290131975286934,851.4573869954702,9.49549758975517
2554714.4703417295,0.9040502993663646,15914.223491947047,0.85,3711.5076057524857,0.5102792262936846,379.6339771200913,12.029942348015888
2367888.7729891445,1.566606720748224,18513.799074824023,0.85,5265.68426415166,0.5059402813372343,200.57643216386865,8.136531402321006
1931013.5890217526,0.4127850279665542,7993.850599878492,0.95,3920.1465146957094,0.49654586003953705,283.28898127229746,10.85434810466842
1676180.0706296742,1.3317646414086528,16382.068441602862,0.85,7297.572407968368,0.8564715356335801,155.1507472601014,6.54902559870729
1981298.8312619363,1.5799202055951387,15602.503825920645,0.95,5167.1197064387325,0.9411110013074347,1770.1255352270744,3.489248176226893
2668874.732868259,1.1278500870837718,5485.943027659367,0.85,5260.38161896571,0.7018891761988779,551.841031659509,7.524311475372574
370433.0923718223,1.162288385553094,14103.813368742367,0.7,4787.081179505525,0.9242600147834293,3252.8198532026013,17.31944409836252
901059.5708874662,0.7206045993564584,13400.05346895455,0.7,5380.9678239157165,0.620816931270253,1015.4756065944317,16.165865834375023
2427706.7720898655,1.7555943801154448,18658.068760272912,0.7,3110.9363296883334,0.8439327418097435,2455.1140775743866,3.7146006552444994
2151844.153960476,1.2510100427253539,8707.945528206832,0.85,7530.66520093959,0.9277847029993845,514.5113931464385,8.393788966071131
2992152.149132325,0.49820349674166997,12308.55161002097,0.85,6834.409948549137,0.63719731250672,222.84015773883047,25.082174986696256
2770194.9147663666,0.7968817805148285,18495.78341364974,0.95,6503.039942020109,0.5610226050939982,1831.4249697506093,18.651350542621863
1765247.014236675,0.5453319366125648,4160.498173978429,0.7,3493.7643475219465,0.8525734238302579,178.00064149187992,15.311660051444568
1739941.351826114,0.9591347077536205,14909.475973831244,0.7,4763.640883050506,0.7799304042381388,920.7587800414308,10.421907508427928
864595.9283362193,0.9313559062025577,14208.916321869492,0.7,7048.609649178053,0.7602003230117524,1864.4295942053786,18.36433543791586
762419.9812426328,0.9968142845720007,17593.968925857185,0.85,4246.78269496711,0.9917741928600523,2191.867902038139,9.295005535801964
2156880.4633157942,1.6174995651372726,17602.237908721836,0.7,5023.439957350569,0.9715845672548622,3408.7366636417632,5.464408536572779
2897775.37180101,1.6632699964221853,15887.573000096952,0.85,7343.728273129314,0.4846808538393384,1843.9943560199747,10.10451978466747
2641837.768878139,1.099036089571476,453.26432782078683,0.85,6312.621212016475,0.6627164891206649,13.018823487812936,7.367132981237796
644178.5309149266,1.0975978172318803,15852.334415834712,0.7,4258.394028716147,0.9753628030093413,1930.887484873609,13.148688903083077
65283.95622113035,0.9872403504953317,1713.1215699980626,0.7,5593.413198345288,0.43922185859694873,107.41607087753815,12.898675239362936
994485.0930633276,0.8210524742652004,6787.560468283976,0.85,3405.0779658475712,0.8910593192774301,418.1755954862468,3.8995117325497337
1359124.4059479511,1.4162024462266256,1799.3281364600518,0.7,5287.478072306007,0.851964414319773,118.14768635944614,6.233588951178504
627057.5673751945,0.850560952149776,16271.958966633825,0.7,7016.974631388837,0.7831173568851066,1229.5956328105813,21.2046469167456
751171.0429470082,1.2880558247545062,9555.187991346153,0.95,3860.377383755429,0.5421025504316932,1707.276663356426,6.545410255188389
2337171.654291197,1.2195544619566596,16939.79135368165,0.85,5856.296573164623,0.35614383445376124,477.4526746932869,10.110167840394949
656116.8119454699,0.7280003350542159,13521.342080702945,0.95,7775.706960029263,0.4306925470871947,1158.4076757492999,19.29411580250104
1251932.3092564873,1.4030417809397546,4064.852236917858,0.95,4205.742579100004,0.634227941032292,314.90296669779576,4.5465437655473595
1678071.5488855818,1.526350779374484,3910.7353652524803,0.85,2525.010972446531,0.6496058970599738,105.18761403448535,1.914044791503246
924433.7898967403,1.4884085456077312,10216.696537228954,0.85,5505.789327288563,0.3726544303283378,1316.631233351555,7.307508843119432
1561972.5104870542,1.5868619460105995,14787.740914541022,0.85,4482.7949446735,0.9692858218645131,2535.706788699158,4.578092075507592
538476.487951664,1.3613115669077236,5095.398015700032,0.7,3197.3532248962065,0.4263137318694158,1017.7231316476767,7.180875532358746
2900911.2847198853,0.7300873768981773,16478.518967244265,0.95,5216.2319281576365,0.4689735500414261,1243.27627325786,13.252972305290566
2080103.00339501,0.5390883424875552,15514.563657906654,0.7,5787.667487949659,0.6250095350447654,695.785843011038,25.132606076444414
526044.8704514368,1.7674855154672606,4051.806540041335,0.85,2789.92547405641,0.4814763376673765,368.5070722822153,3.5077767103301385
1794522.3962602804,1.0431303529850036,18592.522377184716,0.7,6254.267313521381,0.5470443030177526,606.5290984063832,17.188924527600896
2380779.6829576762,0.6759188011670663,15874.956770797226,0.7,2585.478883380421,0.6860103181117632,2534.117897337984,6.955217174776389
2517535.22977511,0.5661796003052056,10683.010332629541,0.7,4286.851715740233,0.8911206211687448,75.09427929177814,17.096793516731243
2126624.487770928,0.4782676147400181,3110.557389075683,0.85,4988.1529969005205,0.9137402270907679,312.646155982529,14.848988160242564
1245574.0201117897,0.6985983966966838,721.0872164212486,0.85,2718.5058897758545,0.7430602911967396,62.863772638315005,5.437765240689035
964470.7599801719,0.3609726275351676,9356.73357482175,0.85,6571.711421481911,0.500862867907402,1255.285324243709,25.093329495416192
307823.7868918406,1.0357657875847148,14322.837514985173,0.7,7827.480178782059,0.6846245437469641,1815.6479637661841,25.123646843249052
2759794.6001151083,0.8133006451080045,12910.037271808857,0.85,5956.248759658187,0.6406875964749543,1530.8716137730862,16.79335130546606
1136978.608429345,1.4483842412061718,6166.484982894675,0.85,7023.326530519421,0.6605777585176869,27.560782837303815,7.804379616827366
1647054.3617949714,0.3538434635128464,14143.034112198691,0.7,7480.057440775553,0.5541982823452432,1416.4919402661892,25.13310574157247
1916493.2506201405,1.6031645374933792,14536.894693182969,0.7,5256.765312973278,0.9258286413349254,2652.1192961678803,4.84071674954091
1313924.9537796406,1.5046174177729252,17554.48887755186,0.7,5999.402633990936,0.9046113661513858,1181.0826264993925,5.166081404150955
2814182.8630412826,0.932994433959044,18284.862501997948,0.7,3419.613089107837,0.37982530786207563,1900.1688532775802,10.560393503592515
1192838.732209065,1.147156691457956,12607.958072119181,0.85,7567.460520729375,0.9185466941491695,539.4432108092661,6.249743730409658
2438476.0290362476,0.4756283249308291,7402.009634213787,0.85,7806.820436331042,0.6591650255049415,240.01807531587303,25.130279501362608
1622124.6140905742,0.7685622587032503,15516.763105867845,0.95,5397.869606682794,0.46751335796027965,2499.136883275271,16.238675240578658
2886321.8533917055,0.7114341972584914,7473.19261831976,0.95,5264.379564910262,0.8592409524533335,378.364307182171,6.899630074646654
2228517.5433691936,1.3469992060818892,5679.0623250591325,0.85,3214.535093149636,0.6671108771263363,1028.0453670622044,2.8237271231868197
2439533.1274665124,1.1675849157375517,8763.798729431133,0.85,6036.39216151585,0.8005484633495616,843.2557833477507,7.325453934129505
551068.3482728528,1.6013204087183626,4066.6175664031007,0.95,7894.893624089447,0.8267297962531384,358.9720428818198,6.680978455817869
926248.7783121652,1.5006358034423064,6370.087382130924,0.85,4693.679728618925,0.35765565543082595,505.2060284688531,6.187786684493643
1172632.429756562,0.953563968278676,6257.1245420748255,0.85,6417.036842875119,0.8837911859201413,595.2310853096782,10.61663560826957
2587588.416721972,1.3832986660608881,19434.803199806738,0.95,3815.5755805034905,0.7860897380590702,525.3048592590757,3.968026973386478
950881.5243488998,0.8399012568623005,16258.121511190906,0.95,4896.002212025748,0.8282131960961909,1842.1717872665904,13.255584749185173
463348.8207310008,0.5423225450196536,17851.758171116002,0.7,3445.4371161354366,0.8184726632996908,1992.7937815151715,11.942909113702735
2988447.4285038845,0.3656333844923374,651.9284464558009,0.85,6817.653285478625,0.7953582674396058,70.93700778931756,24.88955143879331
1942459.9666196904,1.7883576303634334,15008.68316041163,0.95,4670.511716027939,0.9219631130705674,1979.8254901420948,3.322869613609927
718498.2851979255,1.6378296158330108,19171.2353784145,0.85,3719.7961912705614,0.8700668832034214,1902.7105397007729,5.7750687069325615
2131002.788642834,0.5729727480681902,15153.221206655002,0.95,3955.568227706729,0.5543642217006803,2984.1253105215965,6.889424831841192
1270038.0302130615,0.74334431207398,6526.048375274642,0.7,6092.2591726389555,0.6326776185100607,1013.8440490195503,15.506734476752907
2377682.0968024316,0.7899965918503096,2818.69526841056,0.95,3344.684379106126,0.9629613380776295,467.4557844084257,4.644756712403453
2132532.4248167146,0.8355616495830513,5177.602682220697,0.7,5975.131779660866,0.8163009206176328,152.41109194376193,10.684760093081117
1096191.8953591809,1.3386101635742782,19970.41241859002,0.7,5431.413322024713,0.8351557677578334,4000.960522425328,17.7316948718329
2669689.1500625256,1.5369833773043928,19408.771837095508,0.85,2695.4575738979324,0.4599355025541105,1544.7023188347346,3.0731029425262597
865802.8851899928,1.3995260867897685,14232.507362735041,0.95,6212.920341438965,0.9967056027775004,328.30635244797827,4.304637537098644
2378881.020988456,0.4466899455055256,2870.3613160456007,0.7,6999.382094038223,0.733762186427074,37.782651487637125,24.75300739554794
2765846.7096320726,1.6247938926684982,12344.387008473232,0.85,6241.330028270244,0.7326775668385365,954.1550458126063,7.033071548881209
1576372.967167282,0.6284340603588865,5564.848466037929,0.95,3158.1599957243093,0.6138802862395956,116.28393287572507,9.906058936611215
1864838.5548309316,1.5052721045564321,11094.338434320744,0.7,3954.54339373962,0.4788855539317869,2255.641269719805,9.075418513645177
115340.53313708364,1.0120766557668692,8598.287924684055,0.85,4489.67221376109,0.8219093270853761,233.2978897569606,9.309290846245808
1481793.2933020324,0.6915425241841825,13249.836494124034,0.7,6836.567217070137,0.5150772870092948,94.82699069842545,21.942092501741048
919693.9251708945,0.4663379596278856,7448.343955588306,0.85,7298.31385456054,0.6053500610323971,368.308981627608,25.205546897395827
967436.187647628,0.8468318245069208,8711.157608683765,0.7,4306.95694754871,0.3983806548205801,2037.7121594416853,10.75438615052446
2084122.7275640015,1.3676459591012624,12069.258553979062,0.95,4969.177777753655,0.4518447098036239,803.1199038301645,5.464602140430802
98633.81787136549,0.5142793449657226,5394.03651440177,0.95,6888.391406567874,0.9153409193619492,321.432999957799,24.90453603301299
2757973.1360243796,1.261022767595212,15425.279243220715,0.7,2577.678750301267,0.8930993759456961,1825.5235681146467,3.9253906618316696
2768708.2679004176,1.56731365898509,11610.442458914331,0.85,7353.572029089442,0.9701231965118398,1527.4075434103963,3.8170183925436634
2544099.6779082036,0.516976136694205,11728.497591861666,0.7,5724.212663806831,0.9613655514512411,2068.294098946973,20.439104673432155
2054211.3418382637,1.179394936196561,14582.557099279298,0.85,3685.8997650138363,0.6207380641529712,2968.2694613096382,5.709945512466151
2374433.8240068275,0.4111816114062619,7035.810577479552,0.95,6123.2969994752875,0.7349203878846655,811.9658677885825,23.66073070500628
1222676.3105786506,0.606330597844041,205.6929511727179,0.85,7069.6268824089475,0.9960612197588218,32.51266261549165,13.535623905486952
832081.8961349546,0.5787190778146785,8385.62562224146,0.85,7411.70096215037,0.39613999663794247,1256.6174021919546,24.864942014669467
2711662.0912799872,1.3032156102854446,14818.15283238183,0.7,7550.895813167833,0.5853696226053653,1240.7421823690795,15.961656474375122
1807032.0380617296,0.5182901271623822,8744.661726393417,0.95,6170.730806967954,0.5609294384122746,1786.7206562386955,17.44380774519493
2678825.029502185,1.6790856617851309,14977.873861386825,0.85,5462.009996844325,0.852692744386019,1045.1332340904398,5.155879865346324
972786.1225920824,0.8897933082665471,9416.702743279797,0.95,6283.9695088804165,0.6263083498806716,1646.55887129048,12.603822724248005
377517.64321944624,0.3861089735616495,855.1195287919461,0.85,6212.162439146394,0.8394160811736607,73.91577089011922,19.820957993345246
1035467.6183779916,1.7837763549853034,14375.520430528779,0.7,6760.909834246887,0.48179586919674916,855.8231077412463,12.405679288239524
963244.2304423808,1.2887020457342675,18059.064292907093,0.7,2591.455954761947,0.8047882913629187,2053.6038636049157,3.698833485244504
1049763.2916159767,0.5779049569142303,2758.7716180195425,0.95,7020.297621951416,0.5020209226790743,536.641628974626,21.01995165064132
2163893.9381676107,1.424022299863334,6363.008911829342,0.95,7028.852831549736,0.8307226010192766,815.3776756688079,7.1025728539021245
2629074.0854148297,0.7201502320184818,16824.74727261262,0.95,3356.9525761281725,0.7149066996500277,1943.3226464801753,8.331895118524079
2349249.7134557944,0.9779309439582518,18840.2873289671,0.95,7915.288715338846,0.99349556520529,3251.271714195754,12.057541857150548
562618.0092490277,1.5659668639111555,8742.087766693434,0.85,2955.7767209265476,0.393006422537839,759.2839094441746,3.5666272877421763
273890.36616767006,1.6300189778271035,3719.176588084719,0.85,4492.982218144138,0.4586012244375549,129.0698166605889,4.2790445993473005
2140688.4499982838,1.1672530460544424,5383.045671567208,0.95,5018.1350313190505,0.8165013617147626,1363.2848372645128,4.746060909517859
1900034.1441272649,1.4723216848074205,6524.905504962499,0.95,7432.506198711142,0.4522811707450757,774.8859198072365,9.893677700547336
997690.6403012316,1.377382432949668,14087.490224264884,0.95,6718.21155501357,0.3595540239006403,503.3623449004272,18.9389449715933
771383.8998229695,0.4496029350619769,5532.6512665944065,0.85,5312.596728948024,0.8183166948244197,450.77760055913075,16.093523553394522
931505.4595999751,1.346388878805489,4707.524634781184,0.7,4794.255564719402,0.7966554603325178,568.5362442090418,6.529736910643461
2208011.509257058,1.7355577048384876,15160.421811390515,0.7,5304.404078408941,0.753155226901103,774.7713116182155,6.760713832394476
625087.2939439453,1.4175060027852182,4651.42556352678,0.95,3520.0116785541795,0.5434161531708139,463.6385648214,5.095960474122202
1565483.8549479737,1.528240404268412,1107.461266623276,0.85,4784.935339271036,0.6372214818784544,67.20832980070885,4.801990803865424
1791824.1520300447,1.023842432964106,1762.7851958205156,0.85,5982.737457688847,0.35369497363105185,210.560843056631,10.086819217503036
1510665.523488169,1.642194723553195,13809.233465957474,0.85,7086.735361699579,0.8244899449742471,1146.514077545882,5.088061190356168
1765602.7080785667,1.1243584397492594,18904.914058627022,0.95,7106.802379814955,0.7210632518486841,3988.689434874849,12.965005639364168
2448092.757661939,1.6954014413972192,9852.55303738506,0.85,7642.647416625911,0.4479687314872568,402.45585499139565,8.118410707643703
2132211.8656436317,0.8145516534743154,18641.658504214254,0.7,7276.7926051940585,0.7273287858971178,2890.378186717478,18.105322974786855
2955558.7013520156,0.5027844377289064,8922.636494601462,0.95,7348.049774132113,0.5003100736279178,1028.1127658435223,24.784873878621543
601671.0588332008,1.5003111664295772,6236.853694907431,0.85,2746.4291683978304,0.5472979582840598,89.74867718925898,2.694510233412182
2146268.505991447,0.631601942594822,10999.155987868253,0.95,2774.5687105599172,0.9411961944899669,938.0440423252468,3.344177109818678
456267.96129062434,0.6263938846210537,4802.375002438885,0.85,5086.946416216024,0.8702498111932001,316.2140696293782,8.529568408809073
1402084.246593498,1.6480697956540444,8014.876878189133,0.95,3701.9102885637312,0.6940654242702464,1043.46166399266,2.4976565577640377
706979.6354441324,0.5135581612075892,14048.51823760842,0.7,6649.477283886805,0.6229160669280456,1353.0445974892893,24.542658904501867
367865.21542273473,0.53182857737935,14588.736555425106,0.95,5292.9227777004835,0.3942476812131092,801.4489507118719,21.28643286336573
419620.19847558776,0.9919920890465032,2406.8115265913516,0.7,4411.294481317824,0.7959865930778433,97.54433085328797,6.329109264944196
2433980.9831724446,0.6971672491673052,8205.652617361207,0.7,5731.285054574351,0.4865172389310358,1299.7314120454791,25.235485103595956
2766062.135437552,1.3889443791845997,15597.213565460228,0.85,5021.286205939827,0.9429203061588493,1796.5570711530033,5.169555083292016
2496457.376924986,1.094055419156771,9070.219966478178,0.7,4431.536256615841,0.8316664834186632,1748.7182575298948,6.421040265578401
1936811.9445965749,0.7862841775197407,4399.4263483641735,0.95,5954.448123705898,0.3919399619149548,428.9031037164021,17.035157521512424
1338405.6808489438,1.2244398222276116,260.18765555627346,0.85,5449.816380266114,0.5536488743327699,18.566437631849347,9.99049874412994
1915333.0674660096,1.2820517175879766,459.56936178773503,0.95,4364.827321591293,0.8889290304701364,27.54167807676976,2.66715773424646
2198429.071088332,1.7892663859690656,12442.316629328105,0.7,3231.8740613215687,0.79524467984552,450.69040081424873,2.209440834715957
2848572.1368675213,0.7350056089668549,8947.880661276547,0.85,7421.3336786947575,0.9706333359901811,363.08821878511014,10.498376165221883
396537.69973330916,0.3992436014328576,7188.36063820001,0.95,3230.7682225275407,0.8870732048245382,496.72285449301717,9.842837050645574
963941.6125427701,0.6318906558562871,16477.91286081877,0.95,3409.1881507885137,0.7316454691891081,3330.2310404695145,13.761885533084746
383226.44614238373,1.1215649838730646,19534.321240033092,0.7,6899.532831033483,0.9025011784769899,1336.9330001284181,18.03580254418812
1997102.8683564458,1.159350857703382,13706.977392622031,0.85,4418.796636219886,0.47713659397322167,828.657267261127,6.104658715434959
1982441.4024630806,1.7034913761837398,12538.209348737713,0.85,4649.050791938143,0.6681502540058685,551.0985532200311,3.446563181166065
425784.14441522217,1.56171844767273,9222.542243109388,0.95,4103.918123552659,0.8657398486018513,1486.1306242162045,9.176181617112151
2750275.0199875752,0.6093119207509723,7904.403037950359,0.7,7104.0548614526515,0.5322984474699355,371.0266075427128,25.11746758218003
2934476.604407244,0.8761740025858106,17015.205815378158,0.7,7251.24524475969,0.808449633061705,106.95195931195963,11.591636408658298
2414785.7483924413,1.0576773733818303,19167.942133664503,0.95,7019.3954563549305,0.8966595746557269,2221.875995254822,6.056822826105796
2254305.18874292,0.9544120701950181,10035.058634087913,0.85,3041.374104405731,0.8971064788295426,643.1829905679217,2.823635490836565
461339.41066171415,1.3791932046852389,4221.004582489262,0.85,7763.550195534337,0.8754257292931819,284.1604022259569,5.8255704206638415
199741.87771086642,0.643326580996282,10461.652159670297,0.85,2510.875320581721,0.4489612186389983,265.31262631865724,6.999558826677026
302161.4531122907,1.2900423961135759,5460.862426648088,0.95,5356.5527642762145,0.6114488808162651,692.7320491200395,9.208858114845041
429509.007813343,1.2031441808271515,13990.843201443393,0.7,3884.1546654536514,0.6507475939586558,1588.4586530700965,9.676014907158413
826174.2391654423,1.135467036992674,9466.315894366298,0.7,2842.716001010204,0.3563407897852646,2502.4668020907193,5.175280516031349
881744.7831522055,0.7806319920004421,1606.20680039384,0.95,7156.578170658207,0.7432330991358165,82.5540078842693,9.339909946999475
2406960.80381649,1.512921717655285,10951.581807128843,0.85,4625.31167543395,0.7596703444954424,82.54408587720381,3.3416063268745746
1524108.0598918756,1.1281044959036837,8348.201709658953,0.7,2852.4687294228715,0.8416954908336289,1142.169484068901,4.506174176402387
1190928.6700526478,0.4169189008722376,12097.78768995994,0.85,5207.734139712436,0.7754728117572842,176.4559968125254,13.97202986776212
2157170.2382294387,1.165371993712864,10785.419383809254,0.85,2950.9510711931384,0.6075393990964879,1428.4176920150462,3.4679515427475214
1833677.6488299263,0.5797613187527486,14315.714229249823,0.85,5698.033384063008,0.5925132397685339,1380.548102543917,23.64954171797946
2174472.8425897122,1.0942573218114013,15324.166854019837,0.85,7162.853356859807,0.7349487459700828,318.8737434392902,7.278834860260417
770712.9485118357,0.8896649310823073,10625.904346993158,0.7,3393.7692854596353,0.4624433759487001,1655.2161149682788,11.374435889499672
565835.2211077006,0.6870563781003977,880.2742225782744,0.85,7456.211312979377,0.6511846463535089,43.49117352979969,14.45900430628866
327104.1669038273,0.6437258958381341,2306.309960739847,0.85,3744.0663123055438,0.5628031998845512,67.36449999608881,15.284559902919296
1960233.2142532272,1.7160536019391466,447.1372287490846,0.95,6380.558439500061,0.7302853953086158,59.13508009352259,4.631700083694283
2932138.947493788,1.3019001566429382,14044.40825799408,0.95,6536.550672363634,0.8522010967217215,791.6150649274281,7.93211185278374
2032701.8969547232,1.6204006421440402,13696.27892170263,0.7,4638.178544462579,0.9106785317550191,1771.8312832173956,5.621316365082932
2791458.0611535,1.5886763639746633,11740.480339064801,0.95,2594.687105283412,0.8789738220850778,185.45018085111832,1.5947241355721837
2615003.828905491,0.9867167594970677,3165.2955050430314,0.95,5679.043419512577,0.425341788766326,725.7770140675646,12.681935915228983
1506221.298448999,0.7219923415303013,13064.270036681928,0.7,2711.6194151287364,0.9581786829217432,660.970954932204,4.44326103829235
2075272.3051131207,0.5773458561890499,9236.370368452095,0.7,5591.19359162969,0.4954417191481807,2310.3383486978,15.00906203617514
1430126.322377088,0.5563071635361249,10700.943857839959,0.95,6050.837898164746,0.8926965442215107,1360.5959364618818,10.711106961501908
1441220.5695887806,1.0574060699402583,5223.48702503055,0.85,6828.240352002538,0.5907394975084019,991.7326562462194,12.445105314462298
2148520.2420167695,1.6992818119811908,4000.4024582281036,0.95,2899.3606647047877,0.5652458513322622,198.7191018302574,3.9389579093535847
244277.74865309973,1.3859509156478529,5097.34224449493,0.95,6123.383368952627,0.6749907369892076,344.66766344178245,6.451799488446637
1723268.936360512,0.5603836355225063,15231.904052060254,0.7,7416.161209184817,0.529278567065024,72.84548567908409,24.89882284911312
2298404.7380459867,1.107397178119907,11240.526053749369,0.85,3868.751831684366,0.7042536945814128,1958.9825621132445,4.204301386601604
511966.97519927716,0.4849944020456355,6675.977728105277,0.7,7665.025867552187,0.4268237053273962,621.439662786936,24.968909996759084
88744.5815049991,0.37902709807714835,13812.806277548092,0.7,6134.321726872729,0.9130462871945646,1997.0872293105865,25.117072637687915
2385564.8488843893,1.5017383123411174,16056.695058016046,0.7,6317.246911460905,0.9212771619593151,514.2072217906328,5.863351594803725
141545.74974631658,0.8058023659049536,8484.132906852821,0.85,7416.918905883481,0.9830987305513984,592.7844405218931,25.040357065677796
1153397.3738511426,0.8980944535688894,15230.550559662137,0.95,3904.0863686816383,0.7159459135104984,1258.8878574735502,6.285593360478241
964070.0525266362,1.5576110576315298,16798.258266700428,0.85,3926.785984614371,0.9922792675062924,903.0486532691847,2.861210308590712
2373946.2512303684,0.611611375809804,18124.823376755026,0.7,3957.1049981411697,0.46942594169266394,1066.5349917720334,25.219854558467514
2912817.203153333,0.5907408492263573,14984.920847601652,0.95,2780.581215623879,0.3960524555133667,2409.804636090668,8.648445899638656
1411972.0482375843,1.3397778370238456,17369.281705166293,0.95,7981.266472067981,0.3712895472556351,2005.578983412541,12.300049356322047
194762.26505364224,0.3708780868328522,13377.00773300813,0.7,5504.395707719025,0.9046628842832792,894.3885839035235,25.07864527757678
1738510.1533003855,1.20618750978258,19026.638503347334,0.85,2516.4063110515517,0.5642765828437561,2760.1421390908063,4.831520154597342
1057939.3587350757,1.33043311363205,5993.699360925932,0.85,2668.449637597642,0.7563753916782788,286.6139510410604,2.6750108007286832
2677944.3779850956,1.4243592552356081,10308.193688789737,0.85,6368.948167544686,0.6907804466491376,357.4630484223807,9.096124571848973
1065369.4262805702,0.8922125118533712,9423.332852334139,0.85,4899.83554512307,0.8391878319278077,359.63693125954734,6.4350077407384205
669135.4336234842,0.5570595204844722,17705.144324133544,0.85,6376.811306776583,0.7324556321901241,1098.6527917930384,21.37037416061918
779984.5766753424,0.824832660680479,8232.637256882224,0.85,5880.41139502765,0.7496958074715723,202.95640853000873,10.871630547142397
1280718.423764298,1.3231557052024143,9503.911062102115,0.95,5713.667827772608,0.9510644066286541,1237.6887803368913,4.13588532579112
2381325.908389019,1.664703062066303,19620.251357761204,0.7,6771.904929378212,0.6879622792060036,1526.325069423077,7.1443470878071595
2631410.0738436203,0.6867544386876765,3589.8991773055604,0.95,5031.336125449938,0.7489129182359318,555.8207456512315,8.371128311445734
1661717.52855759,1.7816928066181976,2395.756379315239,0.85,7849.127574871975,0.8163032792898375,98.00543549397044,5.233100151670507
1829454.877979345,0.87963635310265,5554.676061473531,0.95,3818.4196672318585,0.5197579347654102,16.103289222842008,7.621071279930373
1046409.1270428365,0.8503588702917042,8273.492093112483,0.95,6777.677893853409,0.40616438967600055,1116.9180277396904,19.211501976705588
2391774.7593175923,1.398284281320287,6267.470016977635,0.85,5661.80621788738,0.5357308136147491,496.3842710822466,6.181332489686859
2393457.630908792,0.45841504143836986,6168.998661738625,0.7,6178.860075856712,0.39453330364835615,817.5783283115403,24.6669448982382
1512633.4178430687,1.7846464297829883,1991.3637374903612,0.95,3407.497426557029,0.6885850946792141,492.1727579236651,1.8914672941915822
150788.73347266362,0.9825423372750836,5074.701167087797,0.85,6691.662972781924,0.7062020845213073,876.82541566228,21.407589436976046
587265.9332580449,1.7917897513272005,7307.729532510919,0.85,3068.1999678587035,0.9629777490254499,1789.401483232397,4.086217845026126
459411.4165240322,1.4418960619599486,14125.9027645886,0.95,3522.7371881109543,0.7954157917019482,258.36622369280497,2.6060631634524776
1347649.7413358768,1.6511825127166193,17728.5583224856,0.7,7148.429393448919,0.36054687867123314,1945.9404485860841,13.88109152918487
2712804.064003192,0.9500334601925672,3989.9629758822466,0.95,4808.518451410971,0.6589074008629601,699.8832266183007,7.212976769171543
1083354.3797373301,1.2589277266353507,8440.135814741692,0.7,5113.608641387787,0.3668145951832537,988.2474969827474,11.382928326073593
2541676.131776377,0.46230978092476815,12341.128604934413,0.85,4543.527799595726,0.963367216433387,886.315935263642,14.41329743998493
182702.5724747402,1.1294204911403072,3936.972257873779,0.95,7556.7314051458325,0.7626972702023751,828.4375743780205,14.999671751915308
430531.63960508024,0.4203499231161527,14463.085770854654,0.85,3527.9078199786804,0.9771318002201317,2429.3586853942334,24.886327246903313
503911.4536005591,0.356436607246628,15301.12237354632,0.7,7342.291306019789,0.9545557067060555,1924.1018568627605,24.817311783010556
1697844.305674854,0.686771764298937,8207.659128839672,0.95,3183.0869761843073,0.6535060958321213,675.7759779079707,8.161544754202096
1507530.0062227366,0.463223539972839,4457.1312667054735,0.85,2937.88299450563,0.9165542129142497,740.1201503855726,10.159059976788745
1159174.096372245,1.5586408931232767,2246.0568617267,0.7,3198.103372198111,0.8463155611494155,115.65811714140179,2.545675888869765
805599.3743164246,0.5650251088946414,12392.79177069908,0.95,6809.014577328428,0.4964465719596376,2272.874398425044,24.86422337186348
1725505.481179644,0.37666679227558053,6642.404483578357,0.85,6686.293859765573,0.40273601354618505,808.2079533692179,25.25943457732501
408434.9137344259,1.148106894923712,809.6417611851372,0.7,3713.97592500893,0.3767207313401005,48.36149612370759,10.039846973120456
2437294.0822680504,1.2940879725024743,16750.345316188363,0.95,2975.6743323817855,0.7407828032578965,316.9565074587069,3.474268569819475
1985060.5563709706,0.9539226273500627,7119.8948128506,0.7,7450.967334717005,0.648025294967485,192.94161847836332,14.178254200413166
1370621.5601252227,0.8049085627593002,4770.052756824071,0.7,2825.2791697032853,0.5940387594135771,160.68033592084794,5.742953492957474
972072.530327415,1.0059286822748814,19419.263965449838,0.95,3687.394179139981,0.9245530071089788,840.9179378175227,4.249996183084181
245392.29053120245,0.5748146646273173,11851.850920184766,0.85,5633.232362065708,0.7919232158041136,1976.8393272311769,14.484338504219737
1872308.7704432362,1.695571282429508,9700.417640446136,0.85,7918.9229742844445,0.3864349642913488,1678.0067404124113,20.757233112285007
1531486.461199748,0.4122283906435879,4839.4770296320785,0.95,3669.855274692282,0.622447494297087,513.8103554370064,12.635945814350006
938861.3579192712,0.942035884594044,7266.806849721291,0.7,5649.977241616042,0.6928757472620584,140.76701441683144,8.585796302205788
2508663.4414564176,0.906061402780952,17233.421019029163,0.7,5023.043544386992,0.6936214640749413,1229.1992396104392,9.97111150818593
876305.9287809739,1.3165860642072267,8418.822440851223,0.95,5963.376203177542,0.7622712087057608,5.683828168935884,5.575102644401887
2024924.5914528593,1.6361327290495113,11565.339887803855,0.95,5473.54919554526,0.7910127305283804,86.54719488819467,5.809335400238402
425161.237288692,0.4735458666505203,3122.2263780796884,0.95,4389.534098746992,0.7099560792604636,228.0512881253345,14.921708344950401
1462569.0198624288,0.45723337415377474,1293.5283766251976,0.95,7383.776870866258,0.7771665171784935,122.0440565437327,24.965208349489505
213812.2074876885,0.9193191458022131,11971.953959274884,0.7,3087.1243517468733,0.8727174735444927,37.15140179999014,5.744161076296488
1513744.6033689147,0.3544123248060641,10677.633415693093,0.95,3920.781464173307,0.7870671890342895,519.6998259300391,10.45693987714366
2823635.9313192903,1.2836214770720145,3452.438324534065,0.7,6239.891355076601,0.36544184737516067,511.23714830229807,17.43343230896425
2080370.9533822688,0.5052041626508167,651.4627934770497,0.95,7047.344501273829,0.5440079652111536,75.09615020656217,25.15512070105232
2176965.995460597,1.532120641076172,6967.786582242835,0.95,7403.8265121526165,0.924127353659628,1401.3061730810784,6.853545758810832
1194363.4350544675,1.301529244320339,18317.350155039567,0.95,3368.803917368329,0.7864232931915189,886.430223006388,3.0381874622156744
1104794.5808930893,0.8759853779970808,8214.223834402794,0.95,5002.845162377418,0.6375731992849601,938.0822991176387,5.971873150019585
920698.3071319652,1.737038190530571,8653.007870453152,0.7,6410.967181586139,0.777389898962621,2124.4683917394373,8.857845488836052
174011.36287277745,0.5461752697738707,17691.70303708997,0.7,2874.694513833316,0.6197906407536765,3958.92019088509,13.274232022824439
226111.36459352484,1.559360798022079,11801.316786963298,0.95,2710.422203424592,0.5071148075574433,1211.7828044278724,9.064006642021537
255239.54820249093,1.1362118943803723,19242.724567116547,0.7,3304.6410281203052,0.44986217070603596,2542.9928409820855,17.406919051291343
1882380.320432412,1.192690616533786,18102.6288178804,0.7,6441.064582295307,0.613119953725157,3073.576216722842,9.444775140134299
1977626.1959872209,0.5185638124211678,17545.11836215854,0.7,3605.756827847872,0.9226769829615911,616.3894244990837,8.499435890699932
1625400.8350410946,1.0030775135524648,14351.253988320781,0.7,6052.833454380196,0.5763114228828804,1203.4452551174454,9.870927846539125
1943959.6724770498,0.9467651054135742,915.1461735093375,0.95,5294.7340993135385,0.8228723967443343,159.09067426181937,10.016917692481705
1314236.806679449,1.55839448504624,14229.037963177156,0.85,5314.597184838814,0.4591037969545306,1885.5359730377693,7.2817269300856164
2709021.6605421808,0.7537297712955571,4105.943814424441,0.95,6938.977537544243,0.37484078654183184,6.554175590419765,24.94012912667829
1877086.1335484483,0.7620455914111535,1143.0933588416592,0.85,6208.452550896769,0.9109410795293862,243.1469473197814,8.686600005934501
958914.3620553399,1.5008782144286563,3185.172681249954,0.95,4371.935601036858,0.7564503228271189,496.07027674678784,4.752400886515711
2447206.2561587943,1.652099427091291,2126.426525219398,0.7,7985.853508494278,0.8975636959619103,227.360523631841,5.632654029784098
2063782.4491907726,0.41937038674208105,2532.1105706976887,0.7,3472.3281377803796,0.606431379087983,41.09478620136795,21.769511352625997
1083731.8145331214,1.475341955522929,1197.035780688428,0.95,4376.941102111379,0.7567079320888819,9.118462533032254,3.2094647658870255
2373245.416238542,1.6263335474066727,13034.711641672106,0.7,6729.86827703638,0.9946402492432329,873.2848269838648,7.241761448301798
1143182.4154069922,0.6870290963364816,8880.831784760203,0.85,5280.359815010823,0.5836872428443043,503.32932276034944,9.903809613362771
1426395.9234959376,0.45737278149098803,17910.735775846617,0.85,7870.434238212297,0.8242912523375461,333.08770877420886,24.96181628511534
2904898.07306211,1.2676506653604012,414.4869259105551,0.95,5197.8587829683165,0.8733683814969164,55.39378073228325,5.941711468019413
682021.4443257925,1.5901779210244618,19017.27151254228,0.7,3835.09657411407,0.6321827906880297,1405.3036485037383,5.070929371669173
1668986.5479425937,1.517996464513883,2257.9696754287825,0.95,4915.01960111166,0.42852462158422827,178.49142712468668,5.249080246702117
940340.8605562935,0.6190418231765301,7379.269124307463,0.85,6036.075218244391,0.515264489512692,1297.4412304270124,14.667012050542416
2817596.3577754023,1.3706549447865863,1619.5531614164925,0.95,5773.691189335232,0.689377379973992,108.57155386549402,5.455178390469756
1720618.815214839,1.6892870239527351,7167.680894773374,0.85,7573.998545779923,0.5634221999494275,669.2884655663382,8.68910091394757
2909375.545300194,1.2400092180079842,17748.33368859879,0.85,6983.3403864128395,0.9175125139832884,2240.8081826453977,6.148494718419754
2501480.9040084872,1.102380052557093,9148.77111876774,0.85,2624.89113642759,0.7773643875095472,1833.8429779735106,2.4888619668249667
1212927.692994317,1.064337697646681,16137.639121654094,0.85,7455.944427156712,0.8292089250295928,752.8244180414232,8.51286257978674
2986887.1634674403,1.0112468094764608,12639.361856375588,0.7,4519.922060845495,0.5337807063808047,1081.659988673776,8.6373840919755
2874793.439947955,1.423002197721282,12927.21302262331,0.7,2545.0692373892034,0.5242321663953194,1469.7331857955166,3.0314739573486507
1674549.81415361,0.9375258648869434,12741.96828949962,0.95,6938.9961491873455,0.9770410455104616,115.75528674867965,7.546737434625847
2296821.22265931,0.6753891505592942,19854.785157978862,0.7,6824.2472353084895,0.9176324485580974,395.448082780795,25.088491175725
2992703.9350667135,1.3290515751229806,4368.931593592951,0.85,4460.124045415099,0.7203006470887284,348.12491757712246,5.764378640167535
1994894.502589355,0.8988772688516802,3532.9410318224814,0.95,5159.324649713104,0.8267676731005399,232.968354535839,8.206999015630155
2654192.7810972324,0.8144427866560693,11028.957006157561,0.95,7128.718042289042,0.9686393066785759,503.89731964870305,11.299750854720347
235464.68414484034,0.6412247292897644,6533.07911411862,0.85,6800.303275600514,0.8809748554228399,744.8017441912684,25.169810519884244
111527.56140002883,0.5336499225986963,12090.875399191023,0.95,4190.324690357791,0.5693923044860869,240.91835254778275,16.067030067624213
1701497.3286224848,1.7504687795826426,17361.543536272988,0.7,5770.445781933428,0.6621626479557379,92.80524292445219,4.665944317226709
640386.7910192348,1.2421621283755369,18927.570787315544,0.7,7266.20362227439,0.6757613476296603,4119.5349714024715,25.031635032318526
1885169.9621206685,1.5764291284462781,19024.50544624778,0.7,3396.866443318687,0.6328922266773152,2.951346018968248,3.890601662947806
525915.1808761517,0.7161298721475773,4860.0132944460265,0.7,5169.380566355347,0.7726429821095571,602.0618546755438,18.74089831955629
1075461.7401933249,0.36060653148051863,15754.391690677094,0.85,3046.5086676383303,0.8960959510416923,1505.5152955988567,11.513083582041887
1072602.801686799,0.7218009542380335,6457.817385776878,0.85,4601.774812067155,0.7602417797454399,759.4372105914302,7.386343867066122
729578.5484878052,1.6965789122787505,13498.489363084924,0.85,6565.125085616972,0.5806158283271988,1343.1314401940233,7.974597548920954
2160539.8416437786,1.3283816653380498,18913.322488379716,0.95,6096.349069215472,0.8464018450189013,785.8349905029802,4.434043829563423
1504571.5801126547,0.6458940519792877,8585.050147018477,0.85,3309.2756165609835,0.8980898624578962,46.512951905158396,8.729828912265042
317925.0631897449,1.5076422842798682,10420.515013327602,0.85,7112.6142919562035,0.5780193748743468,2409.8104384668936,25.03386079234303
2900486.9104903834,1.4986387541293125,10355.979919833293,0.95,5990.950741850742,0.4329696525059225,1100.0423162989575,7.072934655727028
1605943.2298108796,0.5233664655289527,9930.24549320295,0.7,4225.824670879119,0.5226865961888496,646.4308444047545,17.690961102744655
1975309.64508567,1.2370712712119323,12609.8944063517,0.85,7672.259132548613,0.6683783418376241,1979.4083413269784,8.19099712383423
975419.4747524327,1.2063142169156855,5277.61490682472,0.7,7187.41006178033,0.39533516694595394,882.2361144271886,19.4674229039293
938647.4176552985,1.521076401523238,1949.2891565161233,0.95,4067.9702681527597,0.5108047826960962,131.9637989982371,6.276919815295854
311256.57510363427,1.4842340095653461,16313.139726281663,0.85,6539.087074786132,0.6208761183715867,2678.1290402581913,15.90839538983286
1241674.7403686899,1.1962296054860175,8748.927268602512,0.7,3720.6606492173833,0.7872644932957971,995.3244687098443,5.971129832673895
2975902.2667216454,1.2862245951922557,3020.964053063585,0.7,6645.361521565619,0.5017512908371918,6.857571728379535,10.620445327742056
2566933.862030014,1.3959804706756263,16249.787133428752,0.7,2846.3968811512677,0.4988824280353753,566.3158246452432,4.333199540217943
1915443.5579219,1.5747304742703236,18477.412129232387,0.85,6541.711306524581,0.5572689691214069,613.2458852597916,8.40814876829901
2585060.031634503,1.0224755627665507,14545.408215639873,0.85,4252.34194453876,0.8112734898613345,3012.081203576494,5.988199366656303
1921837.0653209768,1.4638908785447855,10219.29182335799,0.7,7516.371200371243,0.706565989137653,360.5623999697429,15.432598499228149
1104348.450517926,1.4513648289425065,17289.214054179538,0.95,6548.710253672306,0.8023463266464664,2587.9264253353554,9.570345011112126
2212648.9758232343,0.5757201561718602,6608.438958814015,0.95,2591.010774350981,0.5056683881555422,1019.8328109365083,10.435756917954082
1744592.7299494348,0.6633804780859973,11137.808157457532,0.85,4816.767391846142,0.8223496805937283,1293.0654830218264,12.07750386281873
1754347.8064070428,0.35293984524690264,16335.259804514619,0.95,3046.7146202959693,0.6919654236941428,422.49878768825295,11.554456421728226
2379572.770223167,1.5291548965057782,406.65385342665564,0.7,2551.7132616167355,0.6928274201695495,75.92671300906993,2.9699918584166314
2701801.518968855,0.7213312264099223,3979.9933765887636,0.7,2850.5019964968837,0.8145860999376038,137.06485158770587,5.83922319984142
316137.851648457,0.4925165137023889,5144.074333789039,0.95,6098.506800395671,0.35502163812524684,266.6844272580072,25.155307688056862
2970617.716098407,1.4644563177831884,6875.873668797831,0.95,5002.126601296375,0.9637857608385281,798.5449506664602,4.139245443409441
298372.56627718615,0.5118941342697482,8820.332758018674,0.7,3430.840100766114,0.5844403960052067,1362.500665514997,24.825956962627963
196382.91314632224,1.1260384955719982,10370.805581285047,0.7,3671.10807509869,0.9856453280811955,2082.9927644122536,13.370666874720404
2144171.3085741294,1.065074217620107,1741.1303341391024,0.85,7994.659742245287,0.6720083096006875,37.05309928767856,16.28708655464014
426959.5425764962,1.7524294502602644,2431.7010143729526,0.85,5660.465961277952,0.7621220728510262,201.33676037192978,4.170071002793945
2651388.8667577547,1.5052920239942646,6180.5505328580175,0.7,6286.6747175074415,0.5662166808691167,76.55160276976719,12.974872742452346
2705012.8799680993,0.4727304742841168,17422.770016423572,0.95,3428.9218148559657,0.4762192636613268,203.5432740469861,12.825747475978012
1858140.5859178507,1.3472427322784264,2682.0437513085303,0.7,5028.382344728817,0.8929336880292282,407.14657174993124,5.018065381614594
2638171.0135054328,0.796140723647405,3811.7587699216324,0.85,6421.719480706159,0.6730212073404829,117.54071673050129,25.083199135497885
2847039.7729552253,1.7497824179181793,17856.64993281303,0.7,7938.844793106549,0.955917695566101,1074.298282424793,5.778314390404009
2257129.8247025907,1.1215379138924708,7315.8364763314175,0.85,4809.656715247158,0.790641305876249,1529.6470204397674,4.646667802132276
1621369.5995796765,1.1498999253556383,4188.803877273314,0.85,3679.171800893052,0.8346141966110802,195.4752556439566,3.5809241998535652
80406.0576031168,1.0253215621409484,3105.935933488064,0.85,2630.524505098515,0.8133288965571175,209.76848311599895,6.0073402151618875
1507181.8061788992,0.5461960026801171,4193.932163232223,0.95,4131.184903632291,0.7352159361434816,500.19733758350435,9.87478147505703
398089.7123552033,1.640555973288068,16805.846751835143,0.95,7638.885820665936,0.858831270403906,1173.6589929794857,15.339189365534645
1738230.7686905912,0.9782488569246863,14091.888636029906,0.95,6533.430840381316,0.5574172089723624,529.0955767223281,13.020006222596603
1824066.9455200967,1.498920190322683,19207.091534957755,0.7,6508.641974597216,0.6296805197680643,2674.032146645559,9.356674766404764
345126.461364632,1.758221596776611,19755.2789378832,0.85,5583.922414452765,0.35561253799463033,2684.3941437091075,19.92574397537814
1642870.3955362593,1.6912822361214532,8882.8771802429,0.95,6159.972621011704,0.9610749219195757,2133.736894177113,4.8084581643105775
1602615.057247969,0.5167038341279471,6188.314975521025,0.95,7179.974351190824,0.7478024614821837,715.648312320392,25.229466379459534
1542468.858530793,0.9387759449796045,14010.409121687799,0.85,7329.4185517007545,0.36731512813356154,1085.0335303515822,25.122892397110256
1343264.6803105401,1.7459357761465228,4149.1627129534,0.85,5327.340913883172,0.874334140644927,19.22083341387767,3.66560557765151
2395065.141717847,0.5455442194777003,2617.1762026165607,0.85,6697.266722545124,0.7752364241862064,229.2426343936739,13.311974890305963
230723.80481152196,0.46062460776860636,3272.1861929139795,0.95,3955.1406824336555,0.6960714589254628,207.89270232398934,11.641883730836653
2575575.5455716997,1.4968830947514067,15508.975874819236,0.85,7456.323361607907,0.5921487294107632,1303.5356332636222,6.9923012769288695
1452287.2233564702,1.298326770068588,6393.177395190165,0.85,5171.1608493315,0.5289042719311706,718.013560386005,11.404319806229656
1271000.1030549486,1.179194667655755,14961.063380252552,0.7,6019.445797409217,0.414138833088715,150.74403542840557,11.696952914052337
699952.0059544995,1.598240925805186,17806.86418614133,0.7,6765.153339373117,0.9747527578017339,311.1494996491586,7.587313153740913
719785.6862683982,0.4774999350711983,4857.857168570348,0.85,3413.492938602224,0.5379562350862128,954.5323836912717,22.179581686434677
566193.6821279726,1.3359882503337097,6723.465997599574,0.95,2812.1474597247034,0.8412731541622793,767.9469698649112,2.8018348013895675
522190.0134044466,0.4536338315297996,4665.053359627569,0.95,5337.161214096938,0.5902284306085244,887.7683055278338,25.039486568035738
2188243.5819124095,1.719857272340103,11411.862341493166,0.7,5191.347914754326,0.8396236732063205,682.7655949926741,4.692957349346098
2894975.0784825142,0.7334726851672912,17585.125903761196,0.85,3240.0473609670366,0.8412047514462734,2907.647631502858,4.90827278926163
380187.9901799404,0.6204058217791828,18749.555377085504,0.85,5506.751706630399,0.8608121021891286,1222.1215160483418,24.961787042011824
2027738.3502750543,0.7765570616742858,6345.18254963321,0.7,7891.107294499718,0.5952939809590772,584.4335943050861,24.077046202600155
1983979.1955949161,0.8768785446805565,10467.125295606767,0.85,3632.014253068402,0.5138803056237926,852.0381885661756,6.237136241405739
2673768.7027833667,1.6319208541985657,12136.13642933987,0.7,6880.478881296432,0.49618596342192745,1390.8667832318927,9.472144721210094
2608659.8809807617,1.5874267102962545,4199.589316472162,0.85,7902.765162629277,0.9798881210905227,651.8101799548411,7.940045827783797
1410693.7452176528,1.4996118171024184,11096.656829944006,0.85,5961.304995600991,0.7670043880554291,1969.8902298344415,5.812479382943533
86571.5824480339,1.0404937287437765,4368.601473519864,0.85,3327.0149804154903,0.8130725756493459,608.9255448935847,7.186441346423229
2745899.043173633,1.5377462963416701,2655.723566335473,0.85,4301.832649810023,0.6905340643834765,373.40176561300854,4.027414455769853
571172.8162022822,1.1161793847422972,7637.991373435931,0.85,3701.287353724287,0.9725508266252413,256.27697668607425,5.305596512240974
2790284.7776836692,0.4787348982133395,15599.261520030916,0.85,3469.134689539861,0.7535965956027411,1777.9765997276,10.390548826467851
827760.6902251462,0.5403784790309015,18722.787828516186,0.7,3770.1979173324107,0.4694415323150763,388.5006238438356,13.171927685486933
1197393.2113631382,1.3344649508335524,15766.298591990171,0.85,5671.5533232931375,0.6318402284600289,122.44037741944628,5.091853072584127
2386264.779777106,0.35398333289946327,18286.57839323427,0.7,7782.030772226132,0.8624138511555206,3216.80275516628,24.79377303171927
439904.35244446545,0.9958601544636632,967.0366157584209,0.7,3831.892181627099,0.7518663627838662,115.83404609994285,9.251611084685734
2292142.737995356,0.40455411224133675,7196.133449313614,0.85,6095.440802569382,0.9630746572787564,405.3288986946815,15.578910007305257
385288.2316785854,1.4398272188432113,8365.047503458514,0.85,4999.154411576103,0.4346544551084769,1201.8344960456573,10.515878580376082
1841266.7122402587,0.5002442843576795,7109.807267357815,0.7,2972.6138970485404,0.6122450178465605,476.86286942517256,12.651084221288757
257078.8984298039,1.3643643274790982,14783.597712675351,0.7,6870.948407832302,0.3943359397892994,1112.2087852696345,21.92992202442856
1494594.2037210823,1.0101615646379296,2228.884333239216,0.95,4095.9326139963646,0.7413625394814445,302.2328541463932,6.425445092476274
565999.0083161085,0.8818276631319519,5996.70324414643,0.7,7937.555392230962,0.4807376421517602,260.640652733525,25.262327936148434
2639638.4054525043,0.673866472030213,15469.761144642112,0.7,3744.1432264926098,0.7724079157409527,1929.0041571316094,11.144424440455175
2265945.710299896,0.7671717091334119,11732.20431580118,0.7,6935.913117115332,0.3637453796245982,574.8580170673173,24.885916152371994
2717683.613575267,1.2586961019606044,19356.971408549118,0.95,4758.230129555543,0.35656349173251295,4215.4782672273295,7.268004748631502
378803.1481897447,1.0440265425175759,9827.937565419987,0.85,5723.591318138851,0.9716928767534729,1768.807522739584,15.21305759029399
1022270.8094265123,1.0538517365956082,17285.597699585054,0.7,7650.107804082763,0.8273790059775203,2834.2933509605327,24.76289631166015
427469.47770346,1.2214479466025066,13902.309904802049,0.7,6360.161375184987,0.403263616423463,1679.438253169524,22.092584840759365
322162.25884765445,0.6129869891927999,15112.530596833032,0.7,6082.727292144724,0.5800247586923675,1413.7231363877672,25.24339930277875
154925.46494583366,1.0622048603147318,8657.739823979433,0.95,3962.280652186711,0.5578909758843726,565.2914511907005,10.004960552682862
1985775.8344459136,1.447410583965071,10555.490640092963,0.7,4520.82020002925,0.6339759731678551,70.36565987088576,5.425226099634647
2190195.261721994,1.4744991963371108,7697.608169417603,0.95,2579.0780869142486,0.4550095900011947,1140.6942624616079,3.1031132990042636
1629470.9072257425,0.35315983757458524,3325.277137740226,0.95,3894.8152306414886,0.5854232495062123,143.6362798574067,9.139735342842277
2892934.792592988,1.706916225170498,7984.836597721246,0.7,7933.815017222135,0.8004511767810439,669.9911085642079,6.724459623036457
1936779.9393760152,1.7582196521702675,11344.455923503476,0.95,4265.4199710750945,0.6971123541623967,76.23762633593358,3.7340001894514465
892369.7986180729,1.662351538602438,10621.96551734094,0.7,7181.538743808477,0.91591014346161,250.9077264827775,6.053579353088703
1931616.8638965457,1.256788413802605,16385.145941921648,0.7,6315.800115900261,0.3955470385638076,1076.5755458779613,11.595237776244485
685730.9370443552,0.4377693809233851,10093.724414277101,0.85,2677.259793236216,0.768828230629815,1530.3869234445328,10.353949971695432
678218.9337752044,1.0552915739460964,6976.291317629771,0.85,3332.019925024092,0.4809297616142927,998.5861484200555,4.738703479879444
2322569.6882386557,1.546026614724123,15086.658708926681,0.95,5100.701524304962,0.6101862868995734,1152.5861286379707,6.773412879507176
1745849.3751076076,1.3115611698778598,15320.456745168189,0.7,6132.633165270377,0.9982841333988375,2813.461813984823,7.312446580814263
2153433.016142037,0.5854764358702056,920.980119401978,0.95,3606.049314564915,0.6447436211689674,118.86048098140988,11.938198265337359
2223652.6937483447,0.40031368324197036,13530.635409846593,0.95,6997.597084492964,0.7747186789800449,466.1167284849681,16.449778006572696
126714.50910070662,0.6925937902678553,5851.0191453727675,0.95,7534.631192417646,0.6585280697633483,556.04190834482,24.76333075778321
2089926.9926693812,0.8597448456251883,14785.466730246666,0.7,5437.406783432827,0.42402785822352906,1837.60859257758,19.731892238952472
2041625.9695548047,1.4529774734008174,17059.2067476917,0.85,3490.7652433348812,0.5658150995562474,1189.4341392289355,4.8914408008034265
195256.53624874208,0.6116148017057805,1451.0517371959236,0.7,6985.992655897112,0.9500550276352006,175.3603150606317,23.633694958743636
2944644.0487179435,0.3563669708018767,5495.522094803961,0.85,5237.010666318323,0.991389889786209,377.07827664578997,17.531076279346482
99352.5945518206,1.7137715421643152,4395.314952594494,0.85,5660.145205523622,0.41318296690197936,348.29673909868313,11.537875918583325
730894.8099280231,0.48914415272670264,411.1237007288795,0.85,4692.437678557466,0.6064624130529837,4.68125266302269,12.771353684071451
2482363.1560969776,0.7357275599090831,3838.9721964573387,0.95,7309.668937985773,0.7502632810036811,864.9153480335478,14.44978803075935
425621.55941238406,1.156007304026351,14043.01047772291,0.7,7560.595066783787,0.7984578783230507,1584.8024239455472,24.822327165988625
1020856.3376809405,1.4874626004582656,12227.314340274084,0.7,4941.0701514629545,0.6991973077189738,314.6563804529259,7.035003334304836
355561.0816508926,0.49902952026427894,19210.874541476434,0.7,7013.512996720081,0.7526650540189641,4343.285966839968,25.00576983383693
810763.6382291376,0.7138906533198456,9144.976993139664,0.85,3918.386884588089,0.41860554535800615,882.8817912680611,8.415134928604497
799630.203072321,1.2395798849573398,9089.232478533466,0.95,3445.897679121046,0.5782408826277157,337.8009203053902,3.7757384070818825
894745.3546418587,1.274509237835229,16368.058315434168,0.7,3944.1740395540937,0.8105119103268867,1436.5747777023064,5.232146033013149
1213178.3025683672,1.7208848120662643,4516.311467683822,0.85,5809.267555000504,0.9655114353797218,11.565462318600158,3.1270354562316864
2167712.5886216178,1.1993667610587804,6476.337673681571,0.85,7488.808366520518,0.5172368122701269,508.574465895592,10.565025423267647
199086.17024172432,0.5514366546796392,14622.81520512365,0.95,3462.9348228286535,0.4961554068896462,629.4632849471044,17.828088652658437
1921211.9243834498,1.5239939432216536,7277.760126197833,0.95,5674.6378024887945,0.4835178066060703,422.54837109277827,5.597249963783503
809872.6770811571,1.6159668348616956,14480.066838182915,0.95,6573.56517394158,0.6187558012952157,169.0992032783321,6.56252532966865
2024178.4463102156,1.3146321644778087,11335.667817232745,0.7,4383.204737632946,0.3927081361950052,1796.5104325755565,11.743693884349723
2191088.598114485,1.7845633479717034,7712.469299093811,0.85,3934.579296839067,0.44693532999199825,526.8836148134744,3.6335693960581423
1151848.2972827584,1.1747909850035945,12958.069826766417,0.85,3700.78067278823,0.9128788303155578,609.7543053069722,4.514577314788517
704813.4645297577,1.3733977233303163,15117.989524631146,0.7,4857.841884934065,0.7386926167457633,515.1627580930862,7.602147948136309
1197293.689354449,1.567394935701294,1950.5551575428724,0.7,5032.879021718629,0.9147610766355174,83.01330513543661,5.308655774379678
385406.65987351147,1.1487050267723853,268.3715200954596,0.7,4789.5337449827575,0.536407652940917,55.9500164124066,9.226858125401712
2612699.4200996403,1.417282535838138,5861.240844486548,0.7,5631.242945309437,0.374107289789349,538.8918516999502,10.106370695602598
348772.1576414664,0.6798320383473142,1936.6965038812784,0.85,5946.930956240326,0.6415501432423798,381.49259306553205,9.720404468880467
2586052.530281052,0.48799373235659826,10679.04148645729,0.85,4598.31864757676,0.7167358255246438,1572.096743520669,9.267372530837983
2828525.5960427183,0.40006728902533983,16909.125036972502,0.85,3393.515891370347,0.8295443688783283,2568.1718553605792,8.099126082685798
1133436.3381088278,0.8475461251535849,13653.723897343627,0.95,7672.592150203861,0.9073275680461735,777.9247431991477,12.998075721110654
1595281.409609681,1.563173023467614,10328.790219476627,0.85,3495.8978366078595,0.6113808382267198,493.72799697084366,4.546842504475416
742675.2286447935,0.9971159113338809,9428.427389502362,0.85,5392.562814442913,0.732138247860111,1763.1916788456754,12.941035239345199
2910556.9444014123,1.1798387131476675,2262.480251025554,0.7,6418.96037333793,0.5198973003322328,199.28139194911387,11.076587989548628
227348.87775235812,0.636622976362694,4829.721617899509,0.85,4848.988781855372,0.6164154495009573,913.6724372461149,13.781038620804043
1707166.920250371,0.5190940055097206,10016.094979436532,0.7,5718.819987308869,0.781313766608754,189.12862059733396,14.267051672591036
1526239.5604185634,0.4360146804692303,17317.39034493078,0.7,6400.579443083982,0.9737869637589902,457.8647877123086,19.413666384747078
1031550.5977011664,0.9513632338507214,6025.954747706324,0.95,3582.3124275436157,0.9229475435385364,455.43147455593845,4.842366842300799
2306413.0905194855,0.6087579227238895,7152.015119866867,0.7,5770.609436037845,0.48125681066305803,461.60579666648664,24.502654840043785
200536.0603846151,1.1911799923271151,3621.0187630394557,0.85,2732.064064308827,0.5350481311592608,860.0785711131164,10.16077829700599
250959.68317250544,0.4708407364316668,9637.392297664006,0.7,4379.047227531116,0.4924545943820913,32.02458399078093,16.228567668824507
777946.790415242,1.0436637565850082,16356.703565123205,0.95,6649.745213899445,0.8911379539636489,28.450325985009496,9.374321917668812
100011.35500201996,1.6264041766551922,1084.9706717324061,0.7,4549.738979662581,0.5720796583446696,53.562808827452706,5.224302129607129
1102171.6447929433,1.2829488469246288,970.8653237916291,0.85,4147.575473487884,0.9860990712487394,148.9722542807437,3.5444570897921372
2175562.1573632276,0.7614859248177898,18573.788983370774,0.7,5467.536884497436,0.9676966354234945,1691.0901627726075,12.257499943530833
170399.74759223382,0.9118707291527413,4840.874527454776,0.95,5027.588820211859,0.5094541308142915,455.4052054558678,16.40180013120406
2026958.2899177293,1.3507064719156499,1085.1297824565077,0.85,4801.264334352959,0.5288434681024939,157.72978076797662,11.58574573953547
78116.90171562377,1.2212583994557387,266.6609178889663,0.85,4763.774759938109,0.9788812556039657,36.64652298636994,3.862425289876992
2103095.3137198444,1.2576145571255144,8841.115030495572,0.85,7537.765823225209,0.4957778246162833,1364.4381618476293,11.900022411360485
327905.4136662524,0.8401884318931531,15051.24573152372,0.7,5986.049149148951,0.5964927125765698,455.952158705521,14.541062633388378
659454.9550961168,1.3657232969575275,15809.585637511782,0.7,7121.248363991743,0.8662181410736907,1672.0871858279513,16.207270385709325
1997858.429574038,0.8964048821970556,4711.290099965445,0.85,6357.794174212007,0.3573326166522457,208.66174889444133,14.561413142991443
111263.6568263399,1.7216941703390947,16072.545907968999,0.85,5277.997952609015,0.49314210916455975,666.4286750933368,25.285992815608697
1235885.5546677788,1.141940828904281,702.3853023747936,0.95,4750.98097583287,0.5939277328273401,84.25961630939557,4.992665740656977
1592963.8297843193,0.605162968087019,6367.915969000154,0.85,7363.869513741026,0.4826971979271577,662.8967984455211,25.017719954008555
2665740.0958860675,1.532238502776171,2368.678121321906,0.85,5893.42154292854,0.3556798539995217,274.92579561568783,9.438224746944657
1225048.5950063951,0.4486671616195833,5908.753616493285,0.95,3888.5079783119527,0.7672079159508313,207.36576936383636,18.503061648764266
2912832.386270312,1.4631159333041879,12284.455271329036,0.7,5803.019793624313,0.49250399056585736,953.9769784528235,7.887947933339311
964153.9426466796,0.8960400631397237,4708.645111157118,0.7,2664.514378365815,0.6558760857329917,507.9025114844384,4.738442979364163
72524.0877207825,1.6980311357510494,5505.704490929207,0.7,3131.6561189255717,0.8291142502044018,782.8353934802934,12.027726535622511
583551.1619276582,1.7382853141171672,6623.967253591736,0.85,6029.853358696506,0.7241842717142153,644.791930527304,5.552889536083424
1702273.0496214603,1.3628354402011462,15327.37307392235,0.95,7251.978633373611,0.8227220765943268,1902.9819628649486,5.931214400059299
559432.9350159715,0.8683205683163506,1670.4564365479548,0.7,3599.9075693416585,0.37571186552739577,141.09415473773805,8.30868203186436
2623157.02504367,0.6820540677989335,14395.203216779406,0.7,6536.011610825275,0.8264120450942488,2064.7047256802184,12.918178973540735
726483.5726143114,1.4660970102786859,15020.800754681388,0.85,5374.867139249682,0.5518850730763063,843.8591773623949,7.715336918479207
1606315.8233992981,0.6567433070394684,11212.701134134952,0.95,7692.976429122802,0.6987175559263819,2989.971655713582,23.675788077228784
447292.5406159835,1.509349954603585,11239.656108793131,0.7,4701.43694637667,0.5306530042335371,1736.1815967739262,7.6197662940257285
2837298.372126291,1.5053932221282476,9128.83609489973,0.95,3646.0344679158766,0.5225166072462768,446.05299514750317,4.902192149928229
776886.4054106175,1.336745533962723,17112.228003878132,0.95,2949.4082621208063,0.9036038068585092,1004.6583790930764,3.079797546537505
567293.2700439498,1.1312561210161614,19961.803521214686,0.7,2758.402307429114,0.4963463538379803,1295.5794704405819,5.538103256411111
2403688.69266921,1.2593051658186711,4333.699619132224,0.95,5809.633517671138,0.8870740393401672,381.08890110094114,4.183735209138924
1198394.690913971,1.5649505575669709,3108.4302460265203,0.85,6852.988399086573,0.4349080509135561,251.20480216513457,7.561407099039559
758322.3000427068,0.7469860597939217,3076.6765764630604,0.7,3188.797906479852,0.4520131631788584,431.61322292706285,11.825821014568884
811387.4128712621,0.5595036919950187,18527.8839105205,0.85,4024.497742703542,0.9297898052944683,3659.514552686406,24.76961965790465
2639866.3357441686,1.7251976402854958,12908.625585209304,0.95,5155.494953858929,0.6480196724645324,1063.298657976759,4.77799900873946
2259350.2141344813,0.9629028180348981,8953.617278298007,0.95,2866.2479716479256,0.837655589125794,1043.0145073442716,2.8719832565684555
371215.3069588448,1.3640159401248066,12316.130393301011,0.85,2964.9383686832284,0.9811535687166695,1124.748752510577,5.298334775840557
1521127.7819583903,1.3659966684400677,8050.3649257937695,0.85,4585.452878551991,0.5442320930423155,343.5918786525987,6.816666729598063
2005754.953973421,0.8613935236264906,9955.469013533604,0.85,7453.9574626359245,0.7834722497157562,2174.408665230607,10.80282680390567
1809835.6397174394,1.329130403466233,8642.772110446633,0.85,6580.171201410243,0.4730695668976173,623.5031809856564,16.279105380654517
2492806.4612236787,1.137836609659729,1807.0720090515324,0.85,6201.123014031809,0.8559339566798752,441.15168230020885,5.752509158427148
109039.11245617832,1.456549304173493,12091.23062010586,0.85,3377.2865477219193,0.4584545497860991,217.18089107542917,3.6344843661591817
460458.9295375677,0.83910632106378,10602.161941891805,0.95,2523.572420670607,0.9719735752409969,626.9269572572771,4.290649028577036
2192816.6978312097,0.672977661123641,5363.039670970985,0.7,5702.444391975501,0.6817394862881956,54.22461791461536,22.112782814784936
196960.17905294927,1.685896153708382,13839.79541704737,0.85,7102.188279587279,0.8056299380617827,2771.414438031971,25.096714653438845
1183937.531022314,0.7816237657849713,1280.0039182507214,0.85,6515.038801417724,0.9357650861178548,105.51132507724172,13.203661238249596
1689510.9267556272,0.5650317900654682,683.5957677641786,0.95,2649.9256942132183,0.867427572705734,77.02581278208982,3.957268689816373
421339.17744151206,1.133726642792411,9773.959770175328,0.7,3808.9387609896808,0.9827386220585834,2000.6769778814783,15.844943972237692
601149.1591583963,1.323267562002236,4494.501609993602,0.85,3500.6700242114093,0.8023716723600265,15.825725001936078,3.1548655011766225
429761.0904581214,0.671257305924314,18990.18492221232,0.7,4188.577095943996,0.7207709996318881,647.5129125733837,8.133999212218468
618064.0493689683,1.0610723834211715,4080.8773959528426,0.95,4625.543609933076,0.8473411238200883,485.20421308828907,4.208274705239784
888922.272288645,0.865474515031619,6506.876712146884,0.85,3094.981534208208,0.8535627015897576,109.09763617047915,4.4517081740324125
842801.6170666572,0.9898790469133032,14238.505525710689,0.95,4206.046646888119,0.5947512961229697,113.64220820128256,5.5825537664552485
679668.8858841583,0.8225095607977977,10568.374473851525,0.95,4401.213103399948,0.9744726757352258,1499.4634583338932,12.411047096072295
2906883.9589745738,1.1596877053385741,5754.692584196501,0.7,6789.5532747846155,0.9398448759671246,107.03985399127974,13.907550810707242
949483.7815005496,1.752439343549589,13594.092810260085,0.7,5840.508219370492,0.8401257677534597,1321.1979635310195,4.614191861873785
663578.5457013982,0.409709650562807,2795.2240313030084,0.95,2835.5906755576993,0.7153727127180464,184.10952292966036,6.996317061592452
2205980.5485405233,1.1181123017311252,10283.804153165014,0.85,7106.551178880439,0.6200614105293032,1112.4870976363366,14.421953124740131
2883865.1770507284,1.4524717232271258,15677.890865758258,0.7,7087.186675923554,0.5647116397978031,1845.6781299943013,9.556478702007132
2240494.5685506444,1.7556855672833218,4172.935252784783,0.95,7196.335208195439,0.8608234707424706,862.1391396085418,5.933386233844173
2815068.183844826,1.6147264607991145,15405.978739637292,0.95,5686.3470080428215,0.9839663655215151,3696.8203877365336,4.851606024449439
1267768.6413863199,1.6668222522564315,19243.926453837208,0.95,7725.497582043234,0.9131570961897512,156.66561538215961,6.958324232580563
1787432.2205521176,0.554536812812157,6451.707696161906,0.85,3732.748047177256,0.7894640824274807,391.2133802182663,7.99084594273652
1935180.7979296264,1.5572677048990422,3344.9293006802627,0.85,5339.600371304735,0.6940729660024794,99.97149249647532,4.053931990794028
1870910.0586255023,0.641284874141046,1209.4248024378417,0.7,7296.660183407816,0.958635861106342,67.55137037765373,14.989946139419047
2859622.9399616225,0.596665202065224,13745.1601040087,0.95,2692.502810377234,0.7625263038706607,1985.3614660269654,6.729215396712808
52634.592044676305,0.3852267258745183,8280.359887895791,0.95,5379.884394706073,0.8460408831370002,911.8079024844072,23.655476729961826
2990338.959022201,0.45833035085158635,6842.349071790798,0.85,5036.599635686367,0.7431669374162756,388.70644274843823,19.43384370890895
1816856.7890782212,0.9723317468204784,4160.07964136579,0.7,4813.516892821572,0.9688948082039852,612.6293152908939,5.324597248358744
1997017.2982158216,0.3570231488149947,7673.832687711591,0.7,5692.949055173365,0.9299175399488144,74.70852265200999,24.891097753176776
1290855.6640415888,0.8625812689622111,13070.871486943284,0.7,5228.257093428481,0.7661051293881211,1624.795672656739,9.32813997725281
2807248.8519056253,0.9991979442221924,18417.91627311546,0.7,6460.450140933961,0.36471836893771903,766.9386752077063,25.001960905066742
393025.49555295845,0.5131663805491529,4359.758661272696,0.7,5754.9312242955275,0.5053738253712704,421.85147359466106,21.38709885647915
2517409.0622747815,0.5687332468088024,10763.082502761954,0.7,5974.18784289241,0.8107538886089091,1197.7738549686474,18.15338884643891
494713.3779408484,0.9222375906210594,18283.447797899298,0.7,3693.2639739948386,0.8341250948639238,1817.3409511796663,8.047679996741092
910732.9138867682,0.6891433142632053,13470.84932558202,0.7,3881.0879927883666,0.5014675541047275,108.49875028594984,12.466163682641367
1890141.7052329604,1.4789558002429835,7248.397901867126,0.85,7556.638201716462,0.4034517374683147,901.5939022188015,15.1174779747442
2518921.425249363,0.9516094325109798,17010.739339884367,0.7,4796.530102254546,0.8881545110593523,1668.13074206601,9.443778196832154
1035501.351002086,1.4545998561083606,5216.13477387294,0.85,6960.032710320646,0.49558079769254954,798.4242073842855,9.242807314047726
2652846.4065098665,1.7013003529950539,12688.123489199997,0.95,6767.81139449294,0.7118151132978036,54.99491904915245,4.785897783968655
1203206.9675527085,1.4713290443353824,370.2251174523301,0.95,6702.017876984085,0.8035865027620067,20.392969650327487,4.912829979434194
2183657.1368491715,0.6354722888303777,14854.098206998648,0.85,4872.00322367202,0.42364359948284214,1158.725514530579,21.819304852109106
1624638.8221329013,1.031992465149619,5473.88428259158,0.95,6576.694465043796,0.7921774260339474,662.6923073073607,8.299363628892365
830914.2262962137,1.014679920382362,9974.314985574027,0.85,6467.1988398832345,0.8264111594193824,849.1728808433388,12.41423419487425
2007403.600542402,1.2372050120838587,2326.756820190847,0.7,4132.118160722483,0.8483437177444013,163.86267184981514,5.280505612340807
2406375.2147747567,1.051156010924108,759.8153605491325,0.85,6487.391363636782,0.6660972635471826,94.95456162483802,7.991087350913788
1356586.8797311867,0.8119308064168291,12087.565653802976,0.85,4754.294536157884,0.4411412587999929,271.49815798591493,14.887622247020639
1667313.2420012495,0.6346855586669784,4780.30209975033,0.85,6867.124981682915,0.5074504257731207,379.85171501939755,21.578960458449377
2941976.3381303246,1.2063612569524675,11511.849824750318,0.85,7102.226114287847,0.8564617953058118,2417.5620965244825,7.137600097637978
2164363.7086223396,1.6691251188982044,14048.358830274174,0.85,3509.93868594775,0.5026929020074395,743.7673900525687,3.5227996955617016
1938908.3533017645,1.4562304502201284,18256.26720037633,0.95,7401.985175609888,0.6246062265486204,778.9349407702229,5.892604562031895
1972425.8551998816,1.5425686292967375,14812.487289876135,0.7,6051.195761355806,0.6142235761429924,220.56398724511251,6.648901371665386
1915279.3188801678,0.5743041391801398,16130.859210689136,0.95,7152.537394265752,0.369801507345363,520.8558942403215,24.86519050214135
818239.2293957857,0.9361886816250232,15638.22791669866,0.85,4430.445847399914,0.7246471085990341,1096.605121597563,5.689400642424824
1377860.758436341,0.37662651328841623,2091.0948849445094,0.95,7955.3844174705555,0.5768298872422168,54.434998725503505,25.074730323804935
2620791.2890068204,0.9504175491623478,6012.762805680729,0.95,3018.8882935164393,0.9448898143104609,822.9886562769782,4.743869761911607
1108970.3370534913,1.5379445616511718,15186.935931677037,0.85,7611.205754766162,0.3771259665117761,460.28614223364167,11.48555018298238
1214801.4590038268,0.9220797420370508,11321.784132084978,0.95,6785.543758937761,0.878655377915055,762.4453582872571,9.881905327071777
2189165.993738281,0.5402050376327296,18806.143483425803,0.95,5490.484771815207,0.9641999437481189,2697.4478035707602,13.0445807154653
2163367.984931411,0.5830208119608407,634.4845823331154,0.95,5941.557835152922,0.9805792943971838,19.233664592416943,14.647275296959222
1265668.5429838917,0.7364130749927917,16900.46849596703,0.95,3111.558836384364,0.9677676813623165,933.5881595841358,3.299489114369554
2041484.9311037648,1.3720165220617804,1490.7544212232435,0.85,7040.235148720807,0.5362469926708238,239.40402921012253,10.170290495296701
1959582.8840623593,0.9867397135796803,3275.076787657517,0.95,5545.01640747607,0.764711285598728,295.9129265407375,8.738391280054842
2999344.4798989003,0.8363611062635833,1870.6810854171672,0.7,4270.041560249055,0.48669381368116305,137.90873234559444,13.302933423371371
2164386.881824916,1.0839665148451947,12128.175516514897,0.85,7227.774319960163,0.6205944965437769,1575.594088398035,10.483256223486825
517254.13626458554,0.8231763994638339,9502.47487893518,0.7,3116.170162749454,0.6177921559478567,742.2174054231717,8.728264816605305
2505992.7600871837,0.3602970722159887,4749.325508554785,0.95,7382.323555115755,0.6605086723472734,107.97272401206605,25.38153409015703
1249365.6668145389,0.44649935929214113,1829.3504300505501,0.7,3351.1908349382797,0.7232917020392127,450.3158834489085,11.70839432868965
826095.6291743255,1.034774537919724,9656.057823283794,0.7,4689.437733366847,0.42129381803661137,1632.1208625907045,16.718915448627662
1252762.9383257728,1.0467717071538234,14071.880050579499,0.85,5787.151378498491,0.8730183817071112,3254.3271623912656,13.928455210598157
2334358.6186613897,0.4333522700289916,3704.7352186061594,0.95,7550.810520843009,0.5302475959589721,592.5563318042733,25.069861408554928
897568.4280875264,0.9480941839736547,11111.422382048955,0.7,5474.372469124289,0.42601665998637533,1376.216958408874,22.486952351323634
224182.58110059757,0.8254455035372139,9930.359877572182,0.7,7175.468447194529,0.49048951612428526,536.9827140331909,24.764831849085557
2280149.1241788305,0.7341314893632149,349.892785262752,0.7,6382.2067663862545,0.9392280293125347,51.19474905025114,13.230456594503433
651211.467955221,1.4796941232700713,12244.018867785175,0.85,3583.931457637985,0.8014388043296724,1820.1638866105507,6.561074804541294
2889831.81257972,0.5860468581417559,15014.678013089911,0.95,4406.181567480271,0.41871278036630477,914.0725902104546,9.085647099958571
529093.5146445539,1.769374834953918,17310.567397922365,0.7,5308.262848168285,0.9648666110645648,3080.538846309557,18.717032507319686
2522935.3132997043,1.0888208129963965,13304.143535162577,0.7,6225.476726279041,0.5076865573112924,155.76137087454143,14.186701688833747
2361832.3063805844,0.7105960335810009,10074.98564738036,0.85,5465.866290889531,0.39492957896958103,2184.1436821727775,12.133027809798643
1646898.2340700726,0.41057479720925627,5690.552116414451,0.7,2715.1591323948983,0.5606149862206654,372.57514734337735,16.23822337967962
1322919.3033824684,0.8166062597752839,14532.829082672215,0.85,5212.891214627308,0.44884382004033224,1341.7879967568754,17.795989898108097
2888935.974931624,1.2715059003381806,18542.598955482164,0.95,5534.916826026535,0.6186341786670508,485.25575464707185,9.311477383070756
757477.5719173523,1.4558051075029117,315.4170663055096,0.95,6436.749218991226,0.37912420840968397,48.789009853296754,11.0460344080091
2406178.081396347,1.234456797838112,5910.463486968907,0.7,7339.4023226514,0.571865693506054,106.39450088219338,10.993679772782043
930006.5188286745,1.3033112156854423,7330.251795612116,0.85,3991.3379653429593,0.969160610169713,1018.8181545312844,3.2568748246647563
639184.5665201365,1.1622785532597204,12362.415892287807,0.7,5005.3148901451605,0.3764590513868084,65.16921783601187,22.4875306964657
2654714.203238504,0.6568754281943059,1502.9264904342085,0.95,3878.4961073513377,0.827612717648525,166.22075685410104,7.006903901214882
496998.3212915264,0.7851163425721681,5187.2951175559765,0.7,4776.109485150085,0.6074368373478156,187.0739606150125,17.06121163143515
1893240.567995777,0.6408919682096776,1885.6166114026926,0.95,3965.314008552208,0.6286103460024236,106.26443058372683,9.200781877182047
2199389.512308706,1.4687222951697914,6941.798453334211,0.95,5175.6643283024905,0.7990074239998346,752.6081260362864,4.269606690865191
1760630.8753574793,1.2678280179608783,5603.216173822663,0.7,3743.7239088433844,0.8566413550631534,127.68146357234471,3.302192746028785
159732.3005699747,1.4989889514996166,7619.420504642055,0.95,5162.560567652807,0.9630334289009606,977.3812660383512,13.469106682223105
1541129.4537248232,0.6489347239509298,19005.520989949044,0.95,6154.696200856257,0.8635362364199639,3633.336751696149,19.211777582943427
60979.554453648845,1.3784087853854783,10274.016231711064,0.85,6953.044536215853,0.36414313395845194,1208.2998122270835,24.76382898742432
287740.9675993959,0.9609636890640095,5705.533207635517,0.7,3171.2803587587314,0.5211127450653392,693.7834813994476,6.684319586430484
175033.71729742302,1.3571026616727249,1146.9039547232014,0.85,5508.166450624343,0.9340898482935417,80.5706869567167,3.748088884686897
1603870.8475497635,1.6293036731239088,11408.248160833988,0.85,7654.176244832061,0.8303232390261235,437.7967672111455,5.257401121457946
1320283.19602303,0.5111682887664919,14621.03992021184,0.7,3003.6667886903897,0.5962286593153112,1244.086699763107,10.057138562913384
2733231.8940568743,1.372120820526196,202.8234017665909,0.7,4550.190662357971,0.5342954760271494,12.298727873401528,7.0718608736996424
2346887.5901562087,1.3836969141147861,10297.955237734159,0.7,2699.1745330293516,0.6277856154119661,595.8009303193302,3.9171274828808165
679653.3943083839,0.3710020593731763,13840.583959050517,0.7,3300.359622978679,0.798936431271549,906.1375504112494,13.971472544908385
843341.3795164383,1.5649616144790857,11945.144993981676,0.85,2767.1205219506696,0.472623196623758,1334.4676296579878,2.668056969879708
2324341.196195732,1.3163678385455098,4160.126052176563,0.7,4894.112563327327,0.8562871946886066,770.4857843432036,5.608457392771054
1204273.315114588,0.9214712566233872,2568.577970742512,0.95,3140.527866542813,0.5852331876162999,241.6632820235391,3.683558209000073
1145360.9562220578,1.6872793692813328,2037.958272258627,0.85,5548.758210593679,0.9027432609099544,121.8332578607733,3.3300754632663168
1869166.6335558917,0.8475923343862972,14864.19358372209,0.85,4673.227545171001,0.39295286114064615,1995.092786208846,9.403054697490223
1863653.7509443075,0.5127198823590109,15437.623108883548,0.7,7472.5090333511125,0.8391502057785438,1474.9033442372256,25.13025844549663
2425036.4772371254,1.5079540872773713,3390.623705718014,0.7,3680.0945669512676,0.6838148520032279,583.7255702195012,5.244820849772724
2238419.515238057,0.5015359521294673,7254.196547790668,0.85,2742.9909126389703,0.5526351369535719,731.50822195265,9.096438930563847
398561.05665479135,0.7389493889356629,13742.53702349434,0.95,7879.018607366357,0.9206961894923666,737.0414976580792,20.518048212193385
295143.116661823,0.478825895063799,6768.573873715854,0.85,6390.0998959482295,0.35780213182486,768.1839331932863,24.939019788526164
2684536.495901114,1.119160446954413,11560.539896190625,0.95,6291.734099327737,0.772885581038947,842.72401465984,9.012755481203415
524668.3135257219,0.35764899379430753,3658.6897961602217,0.85,7973.850185370326,0.39364658500390487,140.36250711246447,25.29931106703508
1275984.1176421472,0.5642981788942827,4497.103142019684,0.85,3139.376007268823,0.5634577404525065,525.5278865639267,10.882895083857175
612638.8499711173,1.4178519145845394,14687.098354719184,0.7,4507.408716269037,0.6983527330349537,425.5549112282345,6.666362130064288
1590350.787975334,1.3285509288086192,11520.656080849945,0.85,5113.160882464732,0.910488628071275,1315.241321606612,5.180972371034352
2133848.909526759,0.39657164148518875,18617.154792769154,0.85,2977.363874848464,0.4421090939874713,680.3001018971826,10.497373039845096
1778833.238992026,0.5832288320093426,8913.252775664518,0.7,7371.308468786572,0.8045667569734514,1097.946230698707,25.238075307693048
1552921.7409509004,0.6022582212141459,9826.251932001996,0.85,5452.529245780945,0.44691692995772203,919.3988553062408,24.99224391206261
1381603.7640597404,1.7606213021172628,6655.128595028613,0.85,6556.415312367383,0.7780387344666629,520.6312984773425,4.283626615260702
2339872.0262915893,0.5177172843839328,14861.207401046222,0.85,4601.3764588166,0.7223171346751042,2357.2379111989453,11.855604655509625
1002523.1012859335,1.21650490895624,13243.368738777146,0.95,4693.689034130425,0.8025575790601334,21.34903153806973,3.8939701066345975
2610758.2047379613,1.5836361705295685,14257.117409176482,0.85,4199.887519819726,0.5005105798550527,453.5779304649977,4.787038579202205
2114522.4479857306,1.694514201783322,17711.95318289438,0.85,5633.489448862386,0.5042622592046531,928.5372731121164,8.348574820387269
1338025.901533181,1.1351724607134739,727.8460216148965,0.95,4155.032955598113,0.9819057337208277,75.31390707034274,2.7722909803112996
813959.4364754196,0.7509137476368406,8800.71907950194,0.95,4720.089834880242,0.39610895863860746,724.4650705702653,14.090027413201783
106892.06252401628,1.6543781960073658,11647.134597447073,0.7,5207.561774703926,0.4801697200532511,163.1045446193623,6.014629188238865
249343.0573084615,1.5143351694348528,8406.537159945141,0.95,6175.807435481672,0.9400417039172277,733.1679937803264,11.46253530407817
2494130.9201484113,1.1161507590273003,10300.21015278915,0.85,4293.802556536635,0.9405437990504081,1344.8646913186703,4.284847470483491
563093.1714575015,0.449432646220457,7750.673993344093,0.85,7505.5177324545775,0.5028387463071117,370.7621578166573,24.918521245202783
173250.1606544375,0.7873199836025178,4687.557373560131,0.7,3216.314101001253,0.4318324369050217,118.4325213309724,15.566974675450801
553362.0664261356,1.2763284856026464,18327.26659213435,0.7,3667.567526615312,0.35953315564709715,1236.9471365636284,10.161801894969148
1673423.5254761644,0.8970837545635005,12602.060309116181,0.95,2539.4300657334534,0.591181503062593,244.42959840058242,5.825767750783454
608330.3130444357,1.2181285465166205,12200.730236187177,0.7,5370.10445771983,0.927900687299554,1835.5024552030625,14.885476930886924
2641965.7389255497,1.1996760368511274,11777.174948107882,0.7,4714.201459032769,0.9029336791507055,53.15093324881977,4.560616991493351
1464070.6346033101,1.4906752984844625,282.2208868600207,0.85,7228.234031733453,0.6791427325416901,51.15425848985992,8.71868663644875
1897875.6955622053,0.9875183164639127,4279.943949703342,0.95,6247.97963179445,0.705761960848849,106.87164243545497,6.961441858322192
324585.7950426437,0.5935002436036177,14634.882774449808,0.85,6900.667171210554,0.6004459408990933,1641.6706367410477,24.787342847457943
1151183.814215851,0.656551436496001,17849.523657468046,0.95,3808.4160341162456,0.4912215886735024,2187.4899586077013,10.64693914308081
1698220.2888659465,1.4252845891111847,9523.290590863526,0.85,6724.312863924891,0.49175979057676045,1270.1846743753467,11.88754176844404
2443992.957311702,1.5058980256847962,2126.9961870689685,0.85,4188.84909065519,0.571350973109539,151.45345604565728,6.256220828546174
249323.1366638402,1.5638613955863985,11832.688223491716,0.85,7908.6602309268865,0.8673852592869611,1128.0028986016514,19.501300026099795
2972305.436857833,1.616302394042203,6371.768582075823,0.7,4710.869151099649,0.6997150536039685,637.2543952007363,6.980855137525621
2240844.746785165,0.9257990007701989,12739.921140020311,0.7,4411.1023754182615,0.7571213187430328,10.947375827243071,6.1682288491360495
2958813.479647979,1.7590067092200026,7815.062307797803,0.7,6585.87095016979,0.4148805340659038,313.10847879801344,14.349029685333084
188057.2190577093,1.785748512322074,2439.285549779508,0.7,4796.568898601903,0.8660936886594597,472.7695910296751,6.834753022722013
2761597.7079013726,1.7466655243770468,14791.986223301708,0.85,4974.621445437411,0.9120309040613137,648.1608111494255,3.6445152841650343
282950.40258195065,1.2399716353164778,11712.007673821761,0.7,3031.731717853993,0.8031172255100519,3062.194420735445,24.835644372932894
749335.6389975251,1.5930225526994053,5195.56803236208,0.7,7050.961112749344,0.6636771432901024,334.76700246602906,7.480325344815725
2923730.6134865116,0.9833505240748696,10472.735152791667,0.85,3053.472717916441,0.4787889901788531,81.18447741795575,4.770873624082414
2166183.7255739076,1.1028107272714354,11971.463460975363,0.85,2593.2459273471295,0.7261814737355796,155.78901740411848,2.8331032431933405
548080.8267937766,1.6910200131446875,15946.609850983634,0.95,6698.26351585582,0.9059232820501693,3034.6035867231244,11.101670729831708
730419.1228446551,0.9961036801836535,13072.985258189981,0.7,5321.45609536029,0.6632355293630522,442.7822005142338,8.958091173539085
2045729.5433743382,0.8035019415665534,17920.49894279535,0.7,5366.2303077973775,0.6364039869398495,2980.45550843357,15.317317505464228
2543297.4178658845,0.8944080979792194,11675.176241032377,0.7,4022.5298452528405,0.6836336009999885,251.55619924763673,9.31001310048871
1971459.2650963701,1.7202764334779075,18421.4101237528,0.85,6300.248987651525,0.4658025315914703,2089.9620322831347,12.405776931134943
1462251.558571807,1.502627914964287,16055.403641223933,0.7,7239.120716523605,0.6307332312693403,1366.161576406011,13.650720433189932
992124.289123148,0.7230261527019299,8664.190338895696,0.95,3318.7611867629676,0.7667294551344146,156.16226084959067,4.739319537672767
2604259.745068665,1.0832264581771525,8657.227179701358,0.7,5102.771202551347,0.4927332428137523,2269.087632504996,13.046591743272366
2270805.638766489,0.3826421531051464,5806.279608765699,0.7,3355.390276940988,0.8508041711498723,460.52317784399946,15.977191388293132
2711230.1415773486,1.772676836046105,1360.0045535107874,0.7,6282.556436157074,0.7451465150029644,292.91751327764695,7.56493759098482
2833735.1330060815,1.5660742380680008,11959.63698883075,0.7,5879.299410525331,0.36007665147149565,1157.1775219446267,12.350604480050423
2152998.1432437683,0.42429875670950196,5906.353233224699,0.7,6891.493725591831,0.5775363731653689,545.4431062069934,24.992228487926884
1061716.4031432704,0.8051434644014124,5820.759662276812,0.95,4059.939412057198,0.5330967972642349,173.0442821102669,11.434165252481932
2732790.8242503842,1.214541961858276,14092.870545101672,0.85,4056.796101970839,0.8315062007391758,234.8741890920223,3.2744552228554533
648587.5793279775,0.8846434369094816,4103.63742716268,0.85,3251.4003599589983,0.6880491054767923,337.11389565429727,7.652008578022541
1679733.0187531603,1.1475076875803638,6545.120481514331,0.95,5097.422075795476,0.6517337073076134,940.5931552876702,5.417822099993403
794931.1903049591,1.5121753667495588,3988.680809424842,0.7,7786.163330560931,0.6678652210567926,377.77181017539124,8.78782464141428
909945.7976054918,1.7092998633533694,6533.0200170207745,0.95,3187.5814669465453,0.6876641354910654,571.4734920412094,2.594244248472273
2636279.8595189,0.9336224799623777,10266.884461325859,0.95,5196.686250972667,0.7290344168070018,2171.412562365136,9.267967086331756
79054.718509809,1.2252876509211037,3074.5100407926247,0.95,5073.826584826173,0.6378275658987118,369.77073912111354,12.646762009430306
870826.3027841921,0.45262554344004235,8957.187405456327,0.7,6567.693230091573,0.9113511959435294,539.2317085352717,25.00843892718032
1096411.575234988,1.1894614688058394,17615.686457988337,0.85,7060.8833375885815,0.6541533205699253,701.6997208358533,7.979651756355626
2052024.2288084175,0.8220733387404513,6723.069357969377,0.95,2612.569229767764,0.5048433182406047,1184.799093680676,5.0971377564799685
1935063.8783079071,1.288850760262659,10434.11303493261,0.7,4176.258549716913,0.6348140878342541,1672.9139044853855,7.026651315312198
2807810.8641598183,1.577575738473255,2939.2824661402146,0.95,7480.90926236525,0.5564778659202941,370.8799826182537,7.710769148448144
1943276.623167501,0.9374817451548917,19614.495688932555,0.95,7056.475914846542,0.685183589857944,3548.8964047861614,11.939910905405313
74995.93187804219,1.3696933153981052,18693.901614330436,0.85,7332.414251990368,0.8138084947549628,3745.8558411166755,24.739616226061298
815610.2976898804,1.0246093687834175,11384.341159283487,0.7,6493.8405701372985,0.6916351406532955,2324.7353565148583,12.818067124149556
1456956.146883293,0.3961675362473499,568.2674681970616,0.85,4014.713829546219,0.8745926772017718,54.29408691414015,13.020664495914652
1845228.2419971991,0.6708633307368956,14549.034257376323,0.85,4159.235350466869,0.4098193359318284,1132.0080116129507,14.979784089901816
899074.2053061958,0.43045668552551986,19371.819930343183,0.7,7024.445972478632,0.614888659399699,399.51267693769483,24.997380094085607
1850581.3009682035,0.7152363297952535,17328.638427457063,0.95,7868.2851493419275,0.4838302395457062,1939.3464212288836,25.070145784957116
2441251.711775597,1.5535112637437143,8014.470758875608,0.95,7407.96919930386,0.6905101570880295,1053.9570729883108,5.774890801177482
2273450.1477123587,1.175307994244371,3850.881998555635,0.95,6353.078315092119,0.41128774497928566,161.79170909748635,11.372940051985351
2188260.5554796895,1.1716859007575584,9125.703335796321,0.85,4765.187224250462,0.6603675984506929,957.1088797835758,5.874655677815825
933747.8585887252,0.6890979480602677,8910.097922951254,0.85,6839.009690391518,0.6100651135189937,476.36376896055236,20.713897137937
2074643.2095849635,0.47290685845676006,17222.35628799073,0.7,4643.046195636437,0.6085151088691021,809.8629024862162,13.807915601017267
1665392.8894992594,1.1490211583896106,3300.0992227313914,0.7,5707.853910379592,0.9636185146093768,375.9544438275898,6.586264131485007
557528.0226730258,0.6758537975541219,9632.698308053043,0.85,3491.469244156261,0.6180280985456466,1332.4766273066261,9.444402913826504
651780.6121554627,0.634153996528636,19352.52376458054,0.95,7550.520420896196,0.716561245091901,949.2573001263307,18.63344016029404
2846319.7592003853,0.7008972476515076,17805.092762834367,0.85,5728.255247414174,0.6171176377412281,1436.4542860149738,14.79148325097805
1401302.0523432218,0.7479575136017182,5769.385929235615,0.7,3257.960039958189,0.5484571489595843,134.6535318928532,11.157136833960296
863519.2920834881,0.4973237094857706,13326.842129984103,0.85,6015.9534974075705,0.8578054171394967,255.24758183059822,16.582018188013166
2742918.8746963977,1.777392891570325,5109.759671778499,0.7,3026.021070876802,0.8727930326703974,207.77689780204756,2.6149487810543435
1358179.4863019364,1.213192483102579,19766.41681846669,0.7,5165.533109293029,0.5761199704582086,922.2898644387392,15.957316459531585
1244826.2075000682,1.443484987729105,6104.878709767258,0.95,5136.800000558792,0.8038883127618288,632.1488083638723,3.5108264749479186
1524960.651002598,1.5466241243351169,19283.095211108448,0.7,4569.977969953866,0.8030940640239135,2250.8734937203494,4.821878934773265
483955.83398893295,1.4250119550922058,11868.38242533968,0.85,7040.017145029655,0.8811749009714135,1516.68555005924,19.214899204902004
825225.7520668505,1.2990634349166803,16850.33024358597,0.95,5679.123040484208,0.43217292820707487,1880.7367866699828,9.454527442316516
1793710.5170748006,0.5771074550231875,19917.81992174072,0.95,2931.7504513119434,0.8617641308420556,2903.1257703469278,8.141081237103931
394401.7654069167,0.5800386432904423,16097.347370177447,0.85,6894.567385325091,0.7396311435580607,647.1005228655624,15.123621185827947
2711398.267714562,0.9623419465764405,7394.163877182309,0.85,6894.209154818774,0.796142603460906,286.4744291704223,7.440407986312236
1513024.4798229272,0.400675462740022,13075.076739352862,0.85,3720.886867068747,0.7536466937682949,408.7518484915671,14.90993733261236
1471470.2367253373,1.7015845665233043,16475.049716546047,0.7,6908.885020457017,0.41036140836267726,204.00773508787157,9.044779031052297
2360956.7813188783,1.2252820429986129,2713.848150508475,0.95,4153.750030421845,0.7321152539461883,689.7582402858307,5.738973408044129
2208439.9807336577,1.5979953835442942,15416.301974742568,0.95,2570.1662607629087,0.4196426969798199,217.7471301617785,2.654530274402982
129988.51041579846,1.6695293497704364,6310.945600083412,0.95,2513.8496399369533,0.7536298822675005,1401.9026063993167,11.584331092020689
1231031.4627035798,1.7283086764763698,5452.764996892603,0.95,2618.128515224899,0.3786818777283768,383.72209644734824,2.6751449469949584
1527598.0631493346,0.8240601807319221,2329.246395078827,0.7,3180.370933606192,0.3942487963785956,96.68585442813045,9.519694726718395
184537.0077851314,0.7788934525581521,17675.52900589433,0.7,3442.1198052267837,0.7899370437572628,3289.043386564022,24.884851106402582
229298.84127284057,1.188141627651686,7662.876616712661,0.95,4079.111777753009,0.7236882378638765,188.05333071068242,4.296289025537286
608627.8047375156,0.795867106963354,13812.771572700527,0.95,6855.095887884523,0.6068707406043556,1722.1300487890549,14.798287670202084
682646.1994561354,1.0197917727724306,888.7593299941366,0.95,3137.335970992628,0.5092822345736785,27.2790857170903,5.6222963219729305
1375338.7659511853,1.7762931042814971,5081.301852183869,0.7,4678.327800651736,0.9258983023876668,578.279948543797,4.59480049309446
2629877.476594835,0.45764926564374,19750.5333744929,0.95,7909.592762960131,0.4493837553059328,1195.811444174953,24.016526457531185
2690827.556171914,1.4420321346333904,2789.060267113195,0.85,4108.817286656819,0.5217749382343951,104.51202153031166,6.590358323354908
1675854.981813314,1.019481025242451,7836.1648499601915,0.7,5631.732376765716,0.6196971303978092,677.3158661529873,10.402269435005154
1565315.2516439976,1.7513193952868433,8251.944886673715,0.85,3138.9838329577346,0.6179721323884024,703.9509891733918,3.083476595276423
1699164.466882137,0.6199976161630869,1376.2823114296482,0.85,6891.837956469124,0.5628137488287597,209.11918439793203,23.9986250589792
2767129.9994661384,0.4575368908325707,14464.065302024077,0.7,7609.378886327932,0.9211408930269269,127.25857794497851,25.06498925383406
2960418.312871107,1.7134120656557665,13760.213582482636,0.95,4680.485614935944,0.5698851968208607,709.6726627891009,3.5090481801595326
1019765.6023897779,1.219019734389037,12615.240396425012,0.85,5792.091580606526,0.980199363586669,79.51710516819091,4.482061243247885
2524287.036665665,0.899813464521585,13629.879202161872,0.7,6766.073393590022,0.941391695841073,1320.135481710235,12.148250705470785
415703.4162178419,1.3464411698681256,4941.947018510136,0.7,3647.6271670468186,0.5597248873823374,384.882076600561,8.546413990612791
1817583.1951607487,0.5929118700648056,10797.91329760532,0.95,7546.041514126164,0.4733329464221583,425.19249804423924,13.845901425399632
1141760.6936044742,0.5616872744504194,5279.0979983703755,0.95,7445.384906903473,0.7492969906905018,54.858700980982476,19.450197974386057
66733.24924738298,0.694589288726842,13741.278863503388,0.85,7658.440409155391,0.8530291493296802,1784.2582882778813,23.226114940754197
1644175.9505274117,1.09354431958309,2073.2863400755086,0.95,4767.113853558209,0.7729495586867294,327.51374919063824,4.910662559322583
1575467.3424705986,0.5626106569967413,7595.259853849247,0.7,7119.662683063544,0.523584451129481,1125.4766084263367,25.008767995672432
2439970.54049543,0.5073570471923821,4489.770353316658,0.95,5921.40440717757,0.8943265187927728,92.61377156884113,16.4160046027674
717060.3249562705,0.4988812764464814,19320.183762785782,0.95,5064.343262070636,0.6598107661840218,1912.4880742883918,13.654903157027347
932530.908883082,1.0051795856675323,2896.3824216572907,0.95,2546.3939747239147,0.9694580257140126,201.07218776070243,2.1604180885145428
1150164.5408337866,0.7695858006020657,827.551173982299,0.85,6358.012803747641,0.7656208103275892,19.2522304381547,10.138799578927047
1007303.0290366872,1.7813787679840734,16118.783880942923,0.95,3247.9871127584756,0.7427847988374637,3786.14092145535,6.758640684799575
2087842.8753065097,0.6165844370954903,8136.585889460534,0.7,2995.6063463373707,0.948040354913601,765.141497104037,6.373338149665652
2383123.7177055194,1.5779594227340374,885.2913735717756,0.85,5788.880457790514,0.9316718518558263,133.71326684068157,3.9833925713894143
598783.9605276193,1.2510449242358104,9111.410295922038,0.85,5860.728242985553,0.3670819836915995,606.6000281236452,10.381775053544043
2171290.8264470655,0.8981398975807172,2756.4339606817816,0.95,3407.7852159179356,0.7423701153663192,212.29130351014976,3.4910959410354305
1559329.15890858,0.9680730715266841,19024.779632491634,0.95,2919.218015746185,0.8644862778110911,114.24845378249354,4.49114404250715
461802.9443751888,0.3799920722261397,7222.470698387031,0.7,2703.1582798770287,0.5313819982772849,72.57632926404236,18.420533702488584
938346.9702177107,1.679765722437836,4566.069589322432,0.7,4728.309843219635,0.5587672436338804,819.5822067624961,7.29915428006332
259478.6086564873,0.8631849500802737,17930.513673819387,0.95,5436.5693475132175,0.7454706161743319,2218.111200200701,16.807955332079057
1134865.0128953632,1.560315096454996,18344.724549280727,0.7,7154.745759253147,0.9407265509604092,585.7887586130819,5.502909864562928
472226.56950638484,0.9369455653692209,2512.85977894654,0.85,4980.5288723171625,0.7449672214665501,290.90980895624193,5.779211898323906
2492214.96353579,1.2382552045020294,15862.722574022604,0.95,4699.95618607931,0.9542352349291376,1178.2480102553502,3.505201184918604
1891811.710548215,0.6121306211587654,15115.319278006726,0.85,3416.416632231753,0.47900681106637455,695.3343625224296,10.047644563649946
69753.13846088122,0.6227165684025687,16602.427325035194,0.7,5353.696116888668,0.7932802905237387,3418.693942793057,24.81416161429133
1050872.0314870481,0.9557979743756007,3831.115964682785,0.85,6087.134710997883,0.5839271487238257,744.004105525879,8.575534823925086
2834856.4197257236,0.3661822344426043,11489.770900751064,0.7,5304.735652916611,0.4906029637644903,1251.150035825915,24.88273081897774
2698917.094189618,1.5735890642265193,9145.914641681247,0.95,6197.726464587188,0.3806017302713581,682.4677381846367,7.969184576599012
2976101.243036434,0.9876390183298873,8091.048681222859,0.95,7642.647458375158,0.45632327003052703,734.5789820244579,13.802854144446606
625828.5405428443,0.8366780886058856,19933.45780611407,0.95,4019.5816738543535,0.4093871663583037,4066.97161767321,20.24120362840698
270550.27716304397,1.5850676344636323,17158.623165546593,0.85,3836.9203724151225,0.818849662164578,3502.9512545519556,11.224083459869776
1285906.196121714,1.7937669106917862,9098.433644398121,0.7,3504.20224431428,0.46122583264326633,2213.5324235478606,6.176162192258628
1081690.9903366608,0.404609561667689,13707.447633710759,0.95,4796.246226379979,0.7993384576149354,2146.3026209255668,16.495000908796467
2451427.9553444977,1.2709733941443924,15475.16498459776,0.85,5483.34291326219,0.42098089726132215,3051.360019734348,11.775558090637379
1289742.9623161377,1.778979259767365,15469.411238181936,0.7,6959.848702286317,0.7964846527969378,2337.482714101773,9.182111165167901
1133477.3076641036,1.6088305628159656,18047.978226522482,0.95,6624.639371411166,0.3985401385214869,1120.8573863423294,7.649585595857605
1768458.3778433967,1.6843879484748125,7489.374872072974,0.7,4942.415262048482,0.5889981243953786,671.8183264148939,7.571595700094454
303679.9772629177,1.7422648501960998,9623.93417447999,0.7,3439.3123182702693,0.408451006373178,1248.8609857215743,7.052795147170402
1452322.4322616202,1.065160586700305,6916.996961002758,0.7,5354.339336825265,0.7206194861176745,569.1106585295971,8.982856131017593
1168549.7683643042,1.1226062534512817,7942.373470981538,0.85,4046.32110650831,0.39505195451497777,491.95698089895427,6.115739415292957
947833.6456022344,1.705228997534796,3552.4196634750456,0.85,7082.107803537532,0.6696326838967397,375.63735660505176,7.838123368040583
870904.2290694355,0.9067216445365716,5140.619864447108,0.85,3061.1915836409935,0.9860167951805983,1084.8492807562454,4.468785855436231
1227874.9299117678,1.094663489540781,17631.32496390915,0.85,6895.157780518826,0.8156901003324117,1958.5820601081298,10.440595736896912
1924341.4445619595,0.5045758559462447,5693.625248573309,0.7,3648.1976151599683,0.6197996241856902,544.0757036863448,17.662424348090642
2592856.195613905,1.2769048756785382,8093.312575105216,0.85,4621.607766247721,0.5146892413156905,1519.1368724569418,5.899113231542397
2194158.7696048296,1.2369237888078426,16614.96950570699,0.95,2560.904425218239,0.959936747249647,73.95992462527363,1.355472388060898
2469853.381085775,1.0048308975242466,3633.505375389291,0.85,5884.066302075824,0.775631018989521,267.3626722664196,7.191903089204186
1611783.0912476385,1.4533767082949889,4943.635284225553,0.7,6421.830643039157,0.7679796551492348,131.17150477852624,10.003267043174937
2763931.927300141,1.1397093995307137,5128.4700478170935,0.85,7346.967340928176,0.9247313135063389,44.21200608841074,9.1419343699901
2349492.1409314484,1.6501740764535149,2733.6534718446005,0.95,6655.098397187644,0.8254032083920366,419.11138954925997,6.3092249866374175
2750396.493038104,1.0298326706151497,16849.809285117615,0.7,5893.619330020556,0.7267319501595554,1234.0823734502203,7.339086068257738
2947084.421509754,0.47850642326277415,12202.071941506794,0.85,6900.082715387872,0.8627267999553937,799.6411411544912,14.837818270223783
414316.4308633547,1.2326811691795716,10408.235257398695,0.95,5722.088258228616,0.6234082246719024,1440.6168067489373,20.318418892001027
613344.4122319437,1.6453920694785187,18688.85617016297,0.7,5585.34071036585,0.45522572877898393,332.51429309174,8.408332689534715
1395419.5032291166,1.1938000218586038,18818.272272714054,0.7,3423.882923606217,0.8728797759483208,704.7899216285117,3.847406088133082
1354180.099482905,0.6852482696496196,15114.024447155502,0.95,5420.620314434,0.6495414008485079,1432.1368114225093,7.241180987130728
673626.2578260918,1.181553875773614,18595.33362634939,0.95,5633.385914381366,0.8775764080847147,970.5866628897888,7.123551383702107
2235159.8556067403,1.1748367866239158,14328.261829799409,0.95,4236.367892201498,0.6280474140288883,584.5618139866601,6.4496326530443495
2284445.772662646,1.2959768570687937,1989.5689349009833,0.95,2938.7575301051365,0.9379634161489508,75.28406276418961,1.8229211862906822
